Código;Artículo;Marca;Rubro;Unidad de Medida;S. Remanente;S. Por O.C.;S. Total;S. En Tránsito;Lista 1;B) TRUCK CORDOBA;D) OLAVARRIA;F) POLO;

="NX23903";="10-16.5 CARLSTAR 400 10T SKID STEER";="CARLSTAR";="VIALES / OTR - DIAGONALES";="UNIDAD";4,000;0,000;6,000;0,000;155,37;0,000;4,000;0,000;
="F77";="10-16.5 FORERUNNER SKS-8 10PR TL ";="FORERUNNER";="INDUSTRIALES IMPORTADO";="UNIDAD";1,000;0,000;1,000;0,000;120,89;1,000;0,000;0,000;
="T1101350";="10-16.5 IT323 10T TL";="GOODYEAR";="XTRAMINE";="UNIDAD";8,000;0,000;8,000;0,000;290,08;0,000;0,000;8,000;
="X1100000";="10.00-16 DYNA RIB F2 TT 10T";="GOODYEAR";="AGRICOLA TRACTOR DELANTERO";="UNIDAD";1,000;0,000;9,000;0,000;233,06;0,000;1,000;0,000;
="T1100000";="10.00-16 DYNA RIB F2 TT 10T";="GOODYEAR";="AGRICOLA TRACTOR DELANTERO";="UNIDAD";27,000;0,000;29,000;0,000;233,06;19,000;8,000;0,000;
="F42";="10.00-16 FORERUNNER QH622 10PR TL F-2";="FORERUNNER";="AGRICOLA TRACTOR DELANTERO";="UNIDAD";235,000;0,000;235,000;0,000;160,43;0,000;6,000;229,000;
="120243";="10.00-20 CT150 16PR TT";="GOODYEAR";="DIRECCION";="UNIDAD";10,000;0,000;13,000;0,000;412,40;8,000;0,000;2,000;
="F46";="10.5/80-18 FORERUNNER QH603 12PR TL R-4";="FORERUNNER";="AGRICOLA TRACTOR DELANTERO";="UNIDAD";24,000;0,000;24,000;0,000;189,32;2,000;4,000;18,000;
="T1100402";="10.5/80-18 SUPER FLOTATION I1 TT 12T";="GOODYEAR";="AGRICOLA TRACTOR DELANTERO";="UNIDAD";6,000;0,000;6,000;0,000;270,25;0,000;0,000;6,000;
="T1100050";="11.00-16 DYNA RIB F2 TL 8T";="GOODYEAR";="AGRICOLA TRACTOR DELANTERO";="UNIDAD";107,000;0,000;107,000;0,000;319,83;105,000;2,000;0,000;
="X1100050";="11.00-16 DYNA RIB F2 TL 8T";="GOODYEAR";="AGRICOLA TRACTOR DELANTERO";="UNIDAD";3,000;0,000;6,000;0,000;319,83;2,000;1,000;0,000;
="X1100051";="11.00-16 DYNA RIB F2 TT 10T";="GOODYEAR";="AGRICOLA TRACTOR DELANTERO";="UNIDAD";2,000;0,000;13,000;0,000;303,31;2,000;0,000;0,000;
="T1100051";="11.00-16 DYNA RIB F2 TT 10T";="GOODYEAR";="AGRICOLA TRACTOR DELANTERO";="UNIDAD";70,000;0,000;72,000;0,000;303,31;60,000;10,000;0,000;
="F43";="11.00-16 FORERUNNER QH622 12PR TL F-2";="FORERUNNER";="AGRICOLA TRACTOR DELANTERO";="UNIDAD";109,000;0,000;111,000;0,000;203,01;0,000;10,000;99,000;
="X1120001";="11.00-16 IMPLEMENTO RAYADO 12T TT";="GOODYEAR";="AGRICOLA TRACTOR DELANTERO";="UNIDAD";1,000;0,000;3,000;0,000;312,40;1,000;0,000;0,000;
="181815";="11.00-20 NHS COMPACTADOR LISO";="GOODYEAR";="RODILLO COMPACTADOR";="UNIDAD";26,000;0,000;26,000;0,000;735,54;0,000;0,000;26,000;
="T1600050";="11.00-20 ROAD ROLLER C1 TT 18T";="TITAN GOODYEAR";="RODILLO COMPACTADOR";="UNIDAD";4,000;0,000;4,000;0,000;634,71;0,000;0,000;4,000;
="122182";="11.00R20 G677 MSD PLUS 150/147K H TT";="GOODYEAR";="TRACCION";="UNIDAD";1,000;0,000;3,000;0,000;520,66;0,000;0,000;1,000;
="7500476";="11.00R20 ROYAL BLACK RS618 18PR 152/149K M+S";="ROYAL BLACK";="DIRECCION";="UNIDAD";1,000;0,000;1,000;0,000;377,05;0,000;0,000;1,000;
="8004516";="11.00R20 RT609  ROYALBLACK 152/149K M+S";="ROYAL BLACK";="TRACCION";="UNIDAD";8,000;0,000;8,000;0,000;396,49;0,000;8,000;0,000;
="120315";="11.00R22 G658 152/149K H TT";="GOODYEAR";="DIRECCION";="UNIDAD";1,000;0,000;1,000;0,000;520,66;0,000;0,000;1,000;
="T1103001";="11L-15 FARM UTILITY I-1 TL 12T";="GOODYEAR";="AGRICOLA TRACTOR DELANTERO";="UNIDAD";11,000;0,000;11,000;0,000;214,88;9,000;2,000;0,000;
="X1101160";="11L-15 LABORER F3 TL 12T";="GOODYEAR";="AGRICOLA TRACTOR DELANTERO";="UNIDAD";1,000;0,000;4,000;0,000;245,45;1,000;0,000;0,000;
="T1101160";="11L-15 LABORER F3 TL 12T";="GOODYEAR";="AGRICOLA TRACTOR DELANTERO";="UNIDAD";11,000;0,000;11,000;0,000;245,45;9,000;2,000;0,000;
="F44";="11L-16 FORERUNNER QH631 12PR TL F-3";="FORERUNNER";="AGRICOLA TRACTOR DELANTERO";="UNIDAD";1,000;0,000;3,000;0,000;128,50;0,000;0,000;1,000;
="T1101201";="11L-16 LABORER F3 TL 12T";="GOODYEAR";="AGRICOLA TRACTOR DELANTERO";="UNIDAD";22,000;0,000;22,000;0,000;268,60;14,000;8,000;0,000;
="T1101250";="12-16.5 IT323 10T TL";="GOODYEAR";="XTRAMINE";="UNIDAD";4,000;0,000;4,000;0,000;323,97;0,000;4,000;0,000;
="120276";="12.00-20 CT150 16PR TT";="GOODYEAR";="DIRECCION";="UNIDAD";1,000;0,000;1,000;0,000;471,07;0,000;0,000;1,000;
="AR1582403AHD";="12.00R20 ARIVO BUFFALO ARA1 156/153K";="ARIVO";="DIRECCION";="UNIDAD";150,000;0,000;150,000;0,000;367,77;150,000;0,000;0,000;
="122195";="12.00R20 G677 MSD PLUS 154K J18PR";="GOODYEAR";="TRACCION";="UNIDAD";2,000;0,000;2,000;0,000;579,34;0,000;0,000;2,000;
="AR1582503AHF";="12.00R24 ARIVO BUFFALO ARA1 160/156K";="ARIVO";="DIRECCION";="UNIDAD";58,000;0,000;58,000;0,000;345,45;58,000;0,000;0,000;
="AR2002503AHF";="12.00R24 ARIVO BUFFALO ARD8 160/156K";="ARIVO";="DIRECCION";="UNIDAD";45,000;0,000;45,000;0,000;345,45;45,000;0,000;0,000;
="AR2002503AHD";="12.00R24 ARIVO BUFFALO ARD8 160/157K";="ARIVO";="DIRECCION";="UNIDAD";12,000;0,000;12,000;0,000;345,45;12,000;0,000;0,000;
="T1150015";="12.4-24 DYNA TORQUE II HD R1 TL 10T";="GOODYEAR";="AGRICOLA TRACTOR TRASERO DIAGONAL";="UNIDAD";8,000;0,000;8,000;0,000;654,55;0,000;0,000;8,000;
="F63";="12.4-24 FORERUNNER QH611 12PR TT R-1";="FORERUNNER";="AGRICOLA TRACTOR TRASERO DIAGONAL";="UNIDAD";2,000;0,000;2,000;0,000;244,74;0,000;2,000;0,000;
="F20";="12.4-24 FORERUNNER QH666 12PR TT R-1";="FORERUNNER";="AGRICOLA TRACTOR TRASERO DIAGONAL";="UNIDAD";12,000;0,000;12,000;0,000;275,24;0,000;0,000;12,000;
="T1159305";="12.4-24 SUPREME TFC R1 TL 10T";="GOODYEAR";="AGRICOLA TRACTOR TRASERO DIAGONAL";="UNIDAD";1,000;0,000;3,000;0,000;412,40;0,000;0,000;1,000;
="X1150124";="12.4-36 DYNA TORQUE II R1 TL 12T";="GOODYEAR";="AGRICOLA TRACTOR TRASERO DIAGONAL";="UNIDAD";14,000;0,000;20,000;0,000;633,06;0,000;3,000;11,000;
="F36";="12.4-36 FORERUNNER QH666 12PR TL R-1";="FORERUNNER";="AGRICOLA TRACTOR TRASERO DIAGONAL";="UNIDAD";19,000;0,000;19,000;0,000;422,74;0,000;2,000;17,000;
="288600";="12.5 L16 12T QJ";="QJ";="VARIAS MEDIDAS";="UNIDAD";4,000;0,000;8,000;0,000;301652,89;0,000;4,000;0,000;
="T1101422";="12.5/80-18 SURE GRIP LUG I3 TL 14T";="GOODYEAR";="AGRICOLA TRACTOR DELANTERO";="UNIDAD";6,000;0,000;6,000;0,000;430,58;0,000;0,000;6,000;
="X1103006";="12.5L-16SL FARM UTILITY I-1 TL 12T";="GOODYEAR";="AGRICOLA TRACTOR DELANTERO";="UNIDAD";4,000;0,000;4,000;0,000;238,77;4,000;0,000;0,000;
="F48";="13.00-24 FORERUNNER QH808 16PR TL G-2/L-2";="FORERUNNER";="VIALES / OTR - DIAGONALES";="UNIDAD";8,000;0,000;8,000;0,000;417,42;0,000;8,000;0,000;
="F48COPIA";="13.00-24 FORERUNNER QH808 16PR TL G-2/L-2";="FORERUNNER";="VIALES / OTR - DIAGONALES";="UNIDAD";2,000;0,000;2,000;0,000;417,08;0,000;2,000;0,000;
="X1601004";="13.00-24 ROAD GRADER G2 TT 12T";="TITAN GOODYEAR";="VIALES / OTR - DIAGONALES";="UNIDAD";3,000;0,000;3,000;0,000;608,18;0,000;3,000;0,000;
="T1601004";="13.00-24 ROAD GRADER G2 TT 12T";="TITAN GOODYEAR";="VIALES / OTR - DIAGONALES";="UNIDAD";1,000;0,000;1,000;0,000;641,82;0,000;1,000;0,000;
="X1601005";="13.00-24 ROAD GRADER G2 TT 16T";="TITAN GOODYEAR";="VIALES / OTR - DIAGONALES";="UNIDAD";4,000;0,000;4,000;0,000;714,55;0,000;4,000;0,000;
="T1150022";="13.6-24 DYNA TORQUE II R-1 TL 8T";="GOODYEAR";="AGRICOLA TRACTOR TRASERO DIAGONAL";="UNIDAD";10,000;0,000;10,000;0,000;520,66;0,000;4,000;6,000;
="F21";="13.6-24 FORERUNNER QH611 12PR TT R-1";="FORERUNNER";="AGRICOLA TRACTOR TRASERO DIAGONAL";="UNIDAD";18,000;0,000;18,000;0,000;318,58;0,000;4,000;14,000;
="F29";="13.6-28 FORERUNNER QH611 12PR TT R-1";="FORERUNNER";="AGRICOLA TRACTOR TRASERO DIAGONAL";="UNIDAD";6,000;0,000;6,000;0,000;376,36;0,000;0,000;6,000;
="T1159330";="13.6-28 SUPREME TFC 10T TL";="GOODYEAR";="AGRICOLA TRACTOR TRASERO DIAGONAL";="UNIDAD";8,000;0,000;8,000;0,000;584,30;0,000;4,000;4,000;
="MV7";="13.6-36 8T BKT";="MARCAS VARIAS";="VARIAS MEDIDAS";="UNIDAD";1,000;0,000;1,000;0,000;1393,77;0,000;0,000;1,000;
="F37";="13.6-38 FORERUNNER QH611 12PR TT R-1";="FORERUNNER";="AGRICOLA TRACTOR TRASERO DIAGONAL";="UNIDAD";10,000;0,000;10,000;0,000;469,88;2,000;4,000;4,000;
="F61";="14-17.5 FORERUNNER SKS-1 14PR TL";="FORERUNNER";="INDUSTRIALES IMPORTADO";="UNIDAD";7,000;0,000;7,000;0,000;261,55;0,000;7,000;0,000;
="X1101415";="14-17.5 IT323  SKID TL 14T";="GOODYEAR";="XTRAMINE";="UNIDAD";10,000;0,000;12,000;0,000;495,87;2,000;0,000;8,000;
="X1101414";="14-17.5 IT323 SKID TL 10T";="GOODYEAR";="XTRAMINE";="UNIDAD";3,000;0,000;3,000;0,000;438,02;3,000;0,000;0,000;
="F49";="14.00-24 FORERUNNER QH808 16PR TL G-2/L-2";="FORERUNNER";="VIALES / OTR - DIAGONALES";="UNIDAD";6,000;0,000;6,000;0,000;452,40;0,000;4,000;2,000;
="T1606097";="14.00-24 TITAN TRT 16PR TL";="TITAN GOODYEAR";="VIALES / OTR - DIAGONALES";="UNIDAD";2,000;0,000;2,000;0,000;785,45;0,000;2,000;0,000;
="4AW634";="14.9-24 ALL WEATHER R-3 TL 6T";="GOODYEAR";="AGRICOLA TRACTOR TRASERO DIAGONAL";="UNIDAD";2,000;0,000;2,000;0,000;554,55;0,000;0,000;2,000;
="F22";="14.9-24 FORERUNNER QH666 12PR TT R-1";="FORERUNNER";="AGRICOLA TRACTOR TRASERO DIAGONAL";="UNIDAD";2,000;0,000;2,000;0,000;351,27;0,000;2,000;0,000;
="T1159230";="14.9-24 SUPREME TFC 12PR TT R1";="GOODYEAR";="AGRICOLA TRACTOR TRASERO DIAGONAL";="UNIDAD";3,000;0,000;3,000;0,000;587,60;0,000;0,000;3,000;
="X1750051";="14.9-26 (TI) HI TRAC LUG 8T TT";="GOODYEAR";="AGRICOLA TRACTOR TRASERO DIAGONAL";="UNIDAD";2,000;0,000;4,000;0,000;558,68;0,000;0,000;2,000;
="T1150050";="14.9-26 DYNA TORQUE II R1 TT 12T";="GOODYEAR";="AGRICOLA TRACTOR TRASERO DIAGONAL";="UNIDAD";4,000;0,000;4,000;0,000;614,05;0,000;0,000;4,000;
="T1159325";="14.9-28 SUPREME 8T TT";="GOODYEAR";="AGRICOLA TRACTOR TRASERO DIAGONAL";="UNIDAD";6,000;0,000;6,000;0,000;617,36;0,000;0,000;6,000;
="F38";="15.5-38 FORERUNNER QH666 12PR TT R-1";="FORERUNNER";="AGRICOLA TRACTOR TRASERO DIAGONAL";="UNIDAD";2,000;0,000;2,000;0,000;513,22;0,000;0,000;2,000;
="RK636H1";="155R12C 88/86R ROYAL COMMERCIAL TL M+S";="ROYAL BLACK";="ROYAL COMMERCIAL";="UNIDAD";117,000;0,000;124,000;0,000;42,98;0,000;4,000;113,000;
="F81";="15X6.00-6-4PR TL FORERRUNER WAVE ";="FORERUNNER";="WAVE";="UNIDAD";7,000;0,000;7,000;0,000;22,81;7,000;0,000;0,000;
="T1101300";="16.0/70-20 LABORER I3 TL 10T";="GOODYEAR";="AGRICOLA TRACTOR DELANTERO";="UNIDAD";4,000;0,000;4,000;0,000;577,69;0,000;0,000;4,000;
="T1102600";="16.0/70-20 SURE GRIP IMPLEMENT I3 TL 10T";="GOODYEAR";="AGRICOLA TRACTOR DELANTERO";="UNIDAD";4,000;0,000;4,000;0,000;644,63;0,000;0,000;4,000;
="T1150221";="16.9-28 POWER TORQUE R1 TT 8T";="GOODYEAR";="AGRICOLA TRACTOR TRASERO DIAGONAL";="UNIDAD";2,000;0,000;2,000;0,000;838,84;0,000;0,000;2,000;
="F65";="16.9-30 FORERUNNER QH611 12PR TT R-1";="FORERUNNER";="AGRICOLA TRACTOR TRASERO DIAGONAL";="UNIDAD";1,000;0,000;5,000;0,000;472,17;0,000;0,000;1,000;
="F30";="16.9-30 FORERUNNER QH666 12PR TT R-1";="FORERUNNER";="AGRICOLA TRACTOR TRASERO DIAGONAL";="UNIDAD";4,000;0,000;4,000;0,000;571,01;0,000;4,000;0,000;
="160025PI";="1600-25 PIRELLI 24T E3";="MARCAS VARIAS";="VARIAS MEDIDAS";="UNIDAD";2,000;0,000;2,000;0,000;4645,89;0,000;0,000;2,000;
="KB001";="165/70R13 79T KINGBOSS G521";="KINGBOSS";="G521";="UNIDAD";159,000;0,000;221,000;0,000;29,75;101,000;58,000;0,000;
="1RK816H1";="165/70R13 79T ROYAL COMFORT TL M+S";="ROYAL BLACK";="ROYAL COMFORT";="UNIDAD";1,000;0,000;4,000;0,000;34,71;1,000;0,000;0,000;
="RK1956H1";="165/70R13 79T ROYAL MILE TL M+S";="ROYAL BLACK";="ROYAL MILE";="UNIDAD";4,000;0,000;8,000;0,000;34,71;4,000;0,000;0,000;
="6535";="165/70R13 79T TRANSMATE TOURING H7 M+S";="TERCELO";="TOURING H7";="UNIDAD";3846,000;0,000;3871,000;0,000;34,71;6,000;12,000;3828,000;
="110375";="165/70R13 ASSURANCE MAXLIFE 83T XL";="GOODYEAR";="ASSURANCE";="UNIDAD";31,000;0,000;53,000;0,000;57,85;31,000;0,000;0,000;
="RK1964H1COPIA";="165/70R14 81H ROYAL MILE TL M+S";="ROYAL BLACK";="ROYAL MILE";="UNIDAD";37,000;0,000;37,000;0,000;41,45;37,000;0,000;0,000;
="RK1964H1";="165/70R14 81H ROYAL MILE TL M+S";="ROYAL BLACK";="ROYAL MILE";="UNIDAD";271,000;0,000;283,000;0,000;38,84;240,000;31,000;0,000;
="RK2087H1";="165/70R14 81T ROYAL MILE TL M+S";="ROYAL BLACK";="ROYAL MILE";="UNIDAD";784,000;0,000;784,000;0,000;38,84;269,000;7,000;508,000;
="6555";="165/70R14 85T TRANSMATE TOURING H7 M+S";="TERCELO";="TOURING H7";="UNIDAD";381,000;0,000;395,000;0,000;38,84;335,000;2,000;44,000;
="110376";="165/70R14 ASSURANCE MAXLIFE 85T";="GOODYEAR";="ASSURANCE";="UNIDAD";3,000;0,000;38,000;0,000;60,33;3,000;0,000;0,000;
="F51";="17.5-25 FORERUNNER QH808 16PR TL G-2/L-2";="FORERUNNER";="VIALES / OTR - DIAGONALES";="UNIDAD";12,000;0,000;12,000;0,000;552,76;0,000;4,000;8,000;
="T1606072";="17.5-25 ND LCM L3 TL 16T";="TITAN GOODYEAR";="VIALES / OTR - DIAGONALES";="UNIDAD";4,000;0,000;4,000;0,000;1136,36;0,000;4,000;0,000;
="181056";="17.5-25 SGLD/L2A L2 4S 12PR";="GOODYEAR";="VIALES";="UNIDAD";1,000;0,000;1,000;0,000;743,80;0,000;0,000;1,000;
="6056";="175/65R14 82H TRANSMATE TRANSERENUS ECO M+S";="TERCELO";="TRANSERENUS ECO";="UNIDAD";79,000;0,000;199,000;0,000;34,71;47,000;32,000;0,000;
="6059";="175/70R14 84T TRANSMATE TRANSERENUS ECO M+S";="TERCELO";="TRANSERENUS ECO";="UNIDAD";302,000;0,000;414,000;0,000;35,54;254,000;48,000;0,000;
="110373";="175/70R14 ASSURANCE MAXLIFE 88T XL";="GOODYEAR";="ASSURANCE";="UNIDAD";1,000;0,000;43,000;0,000;57,85;1,000;0,000;0,000;
="3176";="175/70R14C 95/93S TRANSMATE WZT705 M+S";="TERCELO";="WZT705";="UNIDAD";4,000;0,000;10,000;0,000;52,89;0,000;4,000;0,000;
="117840";="175/80R14 KELLY EDGE SUV 2 88T SL  ";="GOODYEAR";="KELLY";="UNIDAD";8,000;0,000;8,000;0,000;76,03;8,000;0,000;0,000;
="F25";="18.4-26 FORERUNNER QH611 12PR TT R-1";="FORERUNNER";="AGRICOLA TRACTOR TRASERO DIAGONAL";="UNIDAD";6,000;0,000;6,000;0,000;554,79;0,000;4,000;2,000;
="T1150242";="18.4-26 SUPREME II 12T TT";="GOODYEAR";="AGRICOLA TRACTOR TRASERO DIAGONAL";="UNIDAD";6,000;0,000;8,000;0,000;986,78;0,000;2,000;4,000;
="T1150100";="18.4-30 DYNA TORQUE II HD R1 TL 12T";="GOODYEAR";="AGRICOLA TRACTOR TRASERO DIAGONAL";="UNIDAD";12,000;0,000;12,000;0,000;1390,91;0,000;4,000;8,000;
="F31COPIA";="18.4-30 FORERUNNER QH611 12PR TT R-1";="FORERUNNER";="AGRICOLA TRACTOR TRASERO DIAGONAL";="UNIDAD";1,000;0,000;1,000;0,000;668,17;1,000;0,000;0,000;
="F31";="18.4-30 FORERUNNER QH611 12PR TT R-1";="FORERUNNER";="AGRICOLA TRACTOR TRASERO DIAGONAL";="UNIDAD";21,000;0,000;21,000;0,000;620,43;0,000;4,000;17,000;
="T1150413";="18.4-30 SUPER ARROZEIRO  II R2 TL 10T";="GOODYEAR";="AGRICOLA TRACTOR TRASERO DIAGONAL";="UNIDAD";2,000;0,000;2,000;0,000;1328,10;0,000;0,000;2,000;
="X1150413";="18.4-30 SUPER ARROZEIRO  II R2 TL 10T";="GOODYEAR";="AGRICOLA TRACTOR TRASERO DIAGONAL";="UNIDAD";2,000;0,000;2,000;0,000;1328,10;0,000;0,000;2,000;
="F91";="18.4-34 FORERUNNER QH666 12PR TT R-1";="FORERUNNER";="AGRICOLA TRACTOR TRASERO DIAGONAL";="UNIDAD";37,000;0,000;37,000;0,000;731,44;0,000;8,000;29,000;
="T1159111";="18.4-34 SUPREME TFC R1 TT 10T";="GOODYEAR";="AGRICOLA TRACTOR TRASERO DIAGONAL";="UNIDAD";6,000;0,000;6,000;0,000;927,27;0,000;0,000;6,000;
="X1159102";="18.4-34 SUPREME TFC TT 12T";="GOODYEAR";="AGRICOLA TRACTOR TRASERO DIAGONAL";="UNIDAD";1,000;0,000;1,000;0,000;939,67;0,000;1,000;0,000;
="T1159102";="18.4-34 SUPREME TFC TT 12T";="GOODYEAR";="AGRICOLA TRACTOR TRASERO DIAGONAL";="UNIDAD";2,000;0,000;2,000;0,000;959,50;0,000;0,000;2,000;
="X1159212";="18.4-38 SUPREME TFC 10T TT";="GOODYEAR";="AGRICOLA TRACTOR TRASERO DIAGONAL";="UNIDAD";2,000;0,000;2,000;0,000;1038,84;0,000;0,000;2,000;
="T1159212";="18.4-38 SUPREME TFC 10T TT";="GOODYEAR";="AGRICOLA TRACTOR TRASERO DIAGONAL";="UNIDAD";7,000;0,000;7,000;0,000;1038,84;0,000;2,000;5,000;
="T1159214";="18.4-38 SUPREME TFC 12T TT";="GOODYEAR";="AGRICOLA TRACTOR TRASERO DIAGONAL";="UNIDAD";6,000;0,000;6,000;0,000;1144,63;0,000;0,000;6,000;
="111468";="185/55R16 EAGLE SPORT 2 83V SL";="GOODYEAR";="EAGLE SPORT";="UNIDAD";9,000;0,000;35,000;0,000;114,88;9,000;0,000;0,000;
="6567";="185/60R14 82H TRANSMATE TOURING H7 M+S";="TERCELO";="TOURING H7";="UNIDAD";148,000;0,000;165,000;0,000;39,67;130,000;18,000;0,000;
="106643";="185/60R14 ASSURANCE 82T";="GOODYEAR";="ASSURANCE";="UNIDAD";1,000;0,000;31,000;0,000;64,98;1,000;0,000;0,000;
="106643ARR";="185/60R14 ASSURANCE 82T CON ARREGLO DE TALON";="GOODYEAR";="ASSURANCE";="UNIDAD";1,000;0,000;1,000;0,000;167,70;1,000;0,000;0,000;
="110529";="185/60R14 ASSURANCE MAXLIFE 82H SL";="GOODYEAR";="ASSURANCE";="UNIDAD";6,000;0,000;24,000;0,000;63,64;6,000;0,000;0,000;
="107223";="185/60R14 EFFICIENTGRIP PERFORMANCE 82H";="GOODYEAR";="EFFICIENTGRIP";="UNIDAD";3,000;0,000;7,000;0,000;66,12;3,000;0,000;0,000;
="1856014FT";="185/60R14 FIRESTONE FIREHAWK 700";="FIRESTONE";="MARCAS VARIAS";="UNIDAD";1,000;0,000;2,000;0,000;38,84;1,000;0,000;0,000;
="109622";="185/60R14 KELLY EDGE SPORT 82H SL";="GOODYEAR";="KELLY";="UNIDAD";3,000;0,000;3,000;0,000;56,20;3,000;0,000;0,000;
="141149";="185/60R14 KELLY EDGE TOURING 2 82H SL";="GOODYEAR";="KELLY";="UNIDAD";10,000;0,000;14,000;0,000;58,68;10,000;0,000;0,000;
="RK764H1";="185/60R15 84H ROYAL COMFORT TL M+S";="ROYAL BLACK";="ROYAL COMFORT";="UNIDAD";147,000;0,000;155,000;0,000;41,32;147,000;0,000;0,000;
="RK764H1COPIA";="185/60R15 84H ROYAL COMFORT TL M+S";="ROYAL BLACK";="ROYAL COMFORT";="UNIDAD";4,000;0,000;3,000;0,000;43,94;4,000;0,000;0,000;
="RK1980H1";="185/60R15 84H ROYAL MILE TL M+S";="ROYAL BLACK";="ROYAL MILE";="UNIDAD";2,000;0,000;3,000;0,000;41,32;2,000;0,000;0,000;
="6062";="185/60R15 88H TRANSMATE TRANSERENUS ECO M+S";="TERCELO";="TRANSERENUS ECO";="UNIDAD";95,000;0,000;141,000;0,000;41,32;92,000;3,000;0,000;
="6569";="185/65R14 86H TRANSMATE TOURING H7 M+S";="TERCELO";="TOURING H7";="UNIDAD";42,000;0,000;97,000;0,000;41,32;0,000;42,000;0,000;
="1RK828H1";="185/65R15 88H ROYAL COMFORT TL M+S";="ROYAL BLACK";="ROYAL COMFORT";="UNIDAD";16,000;0,000;24,000;0,000;42,98;16,000;0,000;0,000;
="RK1981H1";="185/65R15 88H ROYAL MILE TL M+S";="ROYAL BLACK";="ROYAL MILE";="UNIDAD";6,000;0,000;6,000;0,000;42,98;6,000;0,000;0,000;
="6065";="185/65R15 88H TRANSMATE TRANSERENUS ECO M+S";="TERCELO";="TRANSERENUS ECO";="UNIDAD";168,000;0,000;240,000;0,000;42,98;167,000;1,000;0,000;
="106855";="185/65R15 ASSURANCE MAXLIFE 88T";="GOODYEAR";="ASSURANCE";="UNIDAD";3,000;0,000;91,000;0,000;69,42;3,000;0,000;0,000;
="RK1970H1";="185/70R14 88H ROYAL MILE TL M+S";="ROYAL BLACK";="ROYAL MILE";="UNIDAD";3,000;0,000;7,000;0,000;44,63;3,000;0,000;0,000;
="6571";="185/70R14 88T TRANSMATE TOURING H7 M+S";="TERCELO";="TOURING H7";="UNIDAD";14,000;0,000;51,000;0,000;44,63;0,000;14,000;0,000;
="RK822H1";="185/70R14 ROYAL ECO 88H TL M+S";="ROYAL BLACK";="ROYAL ECO";="UNIDAD";22,000;0,000;22,000;0,000;44,63;22,000;0,000;0,000;
="3206";="185R14C 102/100Q TRANSMATE WZT705 M+S";="TERCELO";="WZT705";="UNIDAD";8,000;0,000;14,000;0,000;61,16;0,000;8,000;0,000;
="3208";="185R15C 103/102R TRANSMATE WZT705 M+S";="TERCELO";="WZT705";="UNIDAD";10,000;0,000;18,000;0,000;58,68;0,000;10,000;0,000;
="F82";="18X8.50-8-4PR TL FORERRUNER WAVE";="FORERUNNER";="WAVE";="UNIDAD";73,000;0,000;73,000;0,000;38,56;5,000;4,000;64,000;
="F94";="19.5L-24 FORERUNNER QH601 12PR TL R-4";="FORERUNNER";="VIALES / OTR - DIAGONALES";="UNIDAD";2,000;0,000;2,000;0,000;469,12;0,000;2,000;0,000;
="F50";="19.5L-24 FORERUNNER QH607 12PR TL R-4";="FORERUNNER";="VIALES / OTR - DIAGONALES";="UNIDAD";2,000;0,000;2,000;0,000;471,07;0,000;2,000;0,000;
="195R15CFX";="195 R15C FIREMAX FM913 106/104R ";="FIREMAX";="MARCAS VARIAS";="UNIDAD";5,000;0,000;6,000;0,000;57,85;5,000;0,000;0,000;
="19514CKM";="195-R14C KUMHO RADIAL 857";="KUMHO";="MARCAS VARIAS";="UNIDAD";1,000;0,000;1,000;0,000;62,81;1,000;0,000;0,000;
="4892";="195/45R16 84V TRANSMATE SPORT D1 M+S";="TERCELO";="SPORT D1";="UNIDAD";122,000;0,000;126,000;0,000;47,11;52,000;20,000;50,000;
="RK2005H1";="195/45R16 84V XL ROYAL MILE EXTRA LOAD TL M+S";="ROYAL BLACK";="ROYAL MILE";="UNIDAD";64,000;0,000;64,000;0,000;47,11;56,000;8,000;0,000;
="105333";="195/45R16 EFFICIENTGRIP PERFORMANCE 84V";="GOODYEAR";="EFFICIENTGRIP";="UNIDAD";5,000;0,000;7,000;0,000;137,19;5,000;0,000;0,000;
="108736";="195/50R15 KELLY EDGE SPORT 82V SL BLK TL REPL";="GOODYEAR";="KELLY";="UNIDAD";4,000;0,000;8,000;0,000;75,21;4,000;0,000;0,000;
="6623";="195/50R16 84V TRANSMATE TOURING H7 M+S";="TERCELO";="TOURING H7";="UNIDAD";26,000;0,000;40,000;0,000;50,41;0,000;9,000;17,000;
="RK2000H1";="195/50R16 88V EXTRA LOAD XL ROYAL MILE TL M+S";="ROYAL BLACK";="ROYAL MILE";="UNIDAD";67,000;0,000;70,000;0,000;50,41;65,000;2,000;0,000;
="117787";="195/50R16 KELLY EDGE SPORT 2 84V SL";="GOODYEAR";="KELLY";="UNIDAD";7,000;0,000;5,000;0,000;104,13;7,000;0,000;0,000;
="110221";="195/50R16 KELLY EDGE SPORT 84V SL";="GOODYEAR";="KELLY";="UNIDAD";19,000;0,000;40,000;0,000;104,13;19,000;0,000;0,000;
="RK1999H1";="195/55R15 85V ROYAL MILE TL M+S";="ROYAL BLACK";="ROYAL MILE";="UNIDAD";1,000;0,000;1,000;0,000;40,91;1,000;0,000;0,000;
="6071";="195/55R15 85V TRANSMATE TRANSERENUS ECO M+S";="TERCELO";="TRANSERENUS ECO";="UNIDAD";408,000;0,000;464,000;0,000;41,32;396,000;12,000;0,000;
="6083";="195/55R16 87V TRANSMATE TRANSERENUS ECO M+S";="TERCELO";="TRANSERENUS ECO";="UNIDAD";64,000;0,000;100,000;0,000;44,63;59,000;5,000;0,000;
="6074";="195/60R15 88V TRANSMATE TRANSERENUS ECO M+S";="TERCELO";="TRANSERENUS ECO";="UNIDAD";116,000;0,000;158,000;0,000;42,98;110,000;6,000;0,000;
="107236";="195/60R15 EFFICIENTGRIP PERFORMANCE 88V";="GOODYEAR";="EFFICIENTGRIP";="UNIDAD";8,000;0,000;68,000;0,000;87,60;8,000;0,000;0,000;
="1956015FT";="195/60R15 FIRESTONE FIREHAWK 900 88H";="FIRESTONE";="MARCAS VARIAS";="UNIDAD";2,000;0,000;6,000;0,000;41,32;2,000;0,000;0,000;
="117821";="195/60R15 KELLY EDGE SPORT 2 88V SL";="GOODYEAR";="KELLY";="UNIDAD";10,000;0,000;14,000;0,000;74,38;10,000;0,000;0,000;
="1956015WL";="195/60R15 WEST LAKE RP18 88H M+S";="WESTLAKE";="MARCAS VARIAS";="UNIDAD";2,000;0,000;2,000;0,000;41,32;2,000;0,000;0,000;
="RK1990H1";="195/60R16 89H ROYALMILE TL M+S";="ROYAL BLACK";="ROYAL MILE";="UNIDAD";38,000;0,000;46,000;0,000;44,63;38,000;0,000;0,000;
="6627";="195/60R16 93V TRANSMATE TOURING H7 M+S";="TERCELO";="TOURING H7";="UNIDAD";209,000;0,000;232,000;0,000;52,89;48,000;12,000;149,000;
="111172";="195/60R16 EAGLE TOURING 89H FCA";="GOODYEAR";="EAGLE TOURING";="UNIDAD";8,000;0,000;23,000;0,000;119,01;8,000;0,000;0,000;
="1RK788H1";="195/65R15 91H ROYAL COMFORT TL M+S";="ROYAL BLACK";="ROYAL COMFORT";="UNIDAD";1,000;0,000;1,000;0,000;43,14;0,000;1,000;0,000;
="6077";="195/65R15 91V TRANSMATE TRANSERENUS ECO M+S";="TERCELO";="TRANSERENUS ECO";="UNIDAD";43,000;0,000;63,000;0,000;43,14;33,000;10,000;0,000;
="1956515CT";="195/65R15 CONTINENTAL";="CONTINENTAL";="MARCAS VARIAS";="UNIDAD";1,000;0,000;1,000;0,000;110,74;1,000;0,000;0,000;
="111469";="195/65R15 EAGLE SPORT 2 91V SL";="GOODYEAR";="EAGLE SPORT";="UNIDAD";6,000;0,000;22,000;0,000;81,82;6,000;0,000;0,000;
="KB006";="195/65R16C 104/102T KINGBOSS G326";="KINGBOSS";="G326";="UNIDAD";82,000;0,000;90,000;0,000;61,98;70,000;12,000;0,000;
="3237";="195/70R15C 104/102R TRANSMATE WZT705 M+S";="TERCELO";="WZT705";="UNIDAD";28,000;0,000;35,000;0,000;64,46;0,000;8,000;20,000;
="3238";="195/75R16C 107/105R TRANSMATE WZT705 M+S";="TERCELO";="WZT705";="UNIDAD";2,000;0,000;6,000;0,000;69,42;0,000;2,000;0,000;
="5535";="195/75R16C 107/105S TRANSMATE TRANSEASON VAN M+S";="TERCELO";="TRANSEASON VAN";="UNIDAD";124,000;0,000;152,000;0,000;72,73;124,000;0,000;0,000;
="3239";="195R14C 106/104Q TRANSMATE WZT705 M+S";="TERCELO";="WZT705";="UNIDAD";58,000;0,000;66,000;0,000;64,46;42,000;16,000;0,000;
="3241";="195R15C 106/104Q TRANSMATE WZT705 M+S";="TERCELO";="WZT705";="UNIDAD";44,000;0,000;48,000;0,000;64,46;44,000;0,000;0,000;
="KB004";="195R15C 106/104TKINGBOSS G326";="KINGBOSS";="G326";="UNIDAD";19,000;0,000;25,000;0,000;63,64;7,000;12,000;0,000;
="F53";="20.5-25 FORERUNNER QH808 20PR TL G-2/L-2";="FORERUNNER";="VIALES / OTR - DIAGONALES";="UNIDAD";12,000;0,000;12,000;0,000;853,09;0,000;4,000;8,000;
="F54";="20.5-25 FORERUNNER QH811 20PR TL E-3/L-3";="FORERUNNER";="VIALES / OTR - DIAGONALES";="UNIDAD";12,000;0,000;12,000;0,000;924,56;0,000;10,000;2,000;
="20525LING";="20.5-25 L3 LING LONG E3 20T";="MARCAS VARIAS";="VARIAS MEDIDAS";="UNIDAD";1,000;0,000;1,000;0,000;3331,57;0,000;0,000;1,000;
="T1606075";="20.5-25 ND LCM L3 TL 16T";="TITAN GOODYEAR";="VIALES / OTR - DIAGONALES";="UNIDAD";4,000;0,000;4,000;0,000;1656,36;0,000;0,000;4,000;
="F40";="20.8-38 FORERUNNER QH611 12PR TT R-1";="FORERUNNER";="AGRICOLA TRACTOR TRASERO DIAGONAL";="UNIDAD";2,000;0,000;2,000;0,000;924,56;0,000;1,000;1,000;
="F92";="20.8-38 FORERUNNER QH666 12PR TT R-1";="FORERUNNER";="AGRICOLA TRACTOR TRASERO DIAGONAL";="UNIDAD";8,000;0,000;8,000;0,000;952,69;0,000;4,000;4,000;
="T1159309";="20.8-38 SUPREME 10T TT";="GOODYEAR";="AGRICOLA TRACTOR TRASERO DIAGONAL";="UNIDAD";2,000;0,000;2,000;0,000;1349,59;0,000;0,000;2,000;
="T1159308";="20.8-38 SUPREME 14T TT";="GOODYEAR";="AGRICOLA TRACTOR TRASERO DIAGONAL";="UNIDAD";8,000;0,000;8,000;0,000;1550,41;0,000;0,000;8,000;
="T1154902";="20.8-42 DYNA TORQUE III 14T TL";="GOODYEAR";="AGRICOLA TRACTOR TRASERO DIAGONAL";="UNIDAD";6,000;0,000;6,000;0,000;1876,03;0,000;2,000;4,000;
="118298";="205/40R17 KELLY EDGE SPORT 2 84W XL";="GOODYEAR";="KELLY";="UNIDAD";10,000;0,000;10,000;0,000;103,31;10,000;0,000;0,000;
="108737";="205/40R17 KELLY EDGE SPORT 84W XL";="GOODYEAR";="KELLY";="UNIDAD";13,000;0,000;18,000;0,000;103,31;13,000;0,000;0,000;
="101674";="205/45R17 EAGLE RSA EMT 84V";="GOODYEAR";="RUN ON FLAT";="UNIDAD";10,000;0,000;10,000;0,000;190,08;10,000;0,000;0,000;
="2054517MC";="205/45R17 MICHELIN PRIMACY 3";="FIRESTONE";="MARCAS VARIAS";="UNIDAD";1,000;0,000;0,000;0,000;231,11;1,000;0,000;0,000;
="110711";="205/45R18 EAGLE TOURING 86V SL";="GOODYEAR";="EAGLE TOURING";="UNIDAD";7,000;0,000;27,000;0,000;191,74;7,000;0,000;0,000;
="110733";="205/50R17 EAGLE TOURING 89V SL";="GOODYEAR";="EAGLE TOURING";="UNIDAD";9,000;0,000;14,000;0,000;144,63;9,000;0,000;0,000;
="109551";="205/50R17 EFFICIENTGRIP PERFORMANCE 89V";="GOODYEAR";="EFFICIENTGRIP";="UNIDAD";3,000;0,000;7,000;0,000;134,71;3,000;0,000;0,000;
="105752";="205/50R17 EFFICIENTGRIP ROF 89W";="GOODYEAR";="RUN ON FLAT";="UNIDAD";10,000;0,000;16,000;0,000;154,55;10,000;0,000;0,000;
="5029";="205/50ZR17 93W TRANSMATE SPORT D1 M+S";="TERCELO";="SPORT D1";="UNIDAD";56,000;0,000;64,000;0,000;57,85;56,000;0,000;0,000;
="6098";="205/50ZR17 93W TRANSMATE TRANSERENUS ECO M+S";="TERCELO";="TRANSERENUS ECO";="UNIDAD";7,000;0,000;27,000;0,000;52,89;7,000;0,000;0,000;
="6086";="205/55R16 91V TRANSMATE TRANSERENUS ECO M+S";="TERCELO";="TRANSERENUS ECO";="UNIDAD";681,000;0,000;740,000;0,000;44,63;665,000;16,000;0,000;
="111602";="205/55R17 WRANGLER TERRITORY HT 91V";="GOODYEAR";="WRANGLER TERRITORY";="UNIDAD";3,000;0,000;26,000;0,000;166,94;3,000;0,000;0,000;
="5050";="205/55ZR17 95W TRANSMATE SPORT D1 M+S";="TERCELO";="SPORT D1";="UNIDAD";42,000;0,000;56,000;0,000;61,16;30,000;12,000;0,000;
="6607";="205/60R15 91H TRANSMATE TOURING H7 M+S";="TERCELO";="TOURING H7";="UNIDAD";134,000;0,000;151,000;0,000;53,72;129,000;4,000;1,000;
="1RK791H1";="205/60R15 91V ROYAL COMFORT TL M+S";="ROYAL BLACK";="ROYAL COMFORT";="UNIDAD";4,000;0,000;12,000;0,000;52,89;4,000;0,000;0,000;
="118140";="205/60R15 EFFICIENTGRIP PERFORMANCE 91H";="GOODYEAR";="EFFICIENTGRIP";="UNIDAD";1,000;0,000;116,000;0,000;93,39;1,000;0,000;0,000;
="111442";="205/60R15 WRANGLER WORKHORSE AT 91H SL";="GOODYEAR";="WRANGLER WORKHORSE";="UNIDAD";1,000;0,000;1,000;0,000;102,48;1,000;0,000;0,000;
="2056015FT";="205/60R15FIRESTONE IREHAWK 900 91H";="FIRESTONE";="MARCAS VARIAS";="UNIDAD";1,000;0,000;6,000;0,000;51,24;1,000;0,000;0,000;
="1RK800H1";="205/60R16 92V ROYAL COMFORT TL M+S";="ROYAL BLACK";="ROYAL COMFORT";="UNIDAD";14,000;0,000;27,000;0,000;47,11;6,000;8,000;0,000;
="RK1992H1";="205/60R16 92V ROYAL MILE M+S";="ROYAL BLACK";="ROYAL MILE";="UNIDAD";1,000;0,000;1,000;0,000;47,60;1,000;0,000;0,000;
="6635";="205/60R16 92V TRANSMATE TOURING H7 M+S";="TERCELO";="TOURING H7";="UNIDAD";29,000;0,000;45,000;0,000;52,89;29,000;0,000;0,000;
="6089";="205/60R16 92V TRANSMATE TRANSERENUS ECO M+S";="TERCELO";="TRANSERENUS ECO";="UNIDAD";12,000;0,000;56,000;0,000;47,11;0,000;12,000;0,000;
="105894";="205/60R16 EFFICIENTGRIP PERFORMANCE 92V";="GOODYEAR";="EFFICIENTGRIP";="UNIDAD";2,000;0,000;43,000;0,000;126,45;0,000;2,000;0,000;
="6080";="205/65R15 94H TRANSMATE TRANSERENUS ECO M+S";="TERCELO";="TRANSERENUS ECO";="UNIDAD";382,000;0,000;413,000;0,000;47,11;380,000;2,000;0,000;
="110745";="205/65R15 WRANGLER FORTITUDE HT 94H SL";="GOODYEAR";="WRANGLER FORTITUDE HT";="UNIDAD";1,000;0,000;36,000;0,000;90,91;1,000;0,000;0,000;
="111532";="205/65R16 EFFICIENTGRIP SUV 95H";="GOODYEAR";="EFFICIENTGRIP SUV";="UNIDAD";4,000;0,000;19,000;0,000;161,98;4,000;0,000;0,000;
="110751";="205/70R15  WRANGLER FORTITUDE HT 96T SL";="GOODYEAR";="WRANGLER FORTITUDE HT";="UNIDAD";6,000;0,000;6,000;0,000;105,79;6,000;0,000;0,000;
="2R449H1";="205/70R15 106/104R ROYAL COMMERCIAL TL M+S";="ROYAL BLACK";="ROYAL COMMERCIAL";="UNIDAD";3,000;0,000;3,000;0,000;69,42;1,000;2,000;0,000;
="3269";="205/70R15C 106/104R TRANSMATE WZT705 M+S";="TERCELO";="WZT705";="UNIDAD";88,000;0,000;96,000;0,000;68,60;76,000;12,000;0,000;
="5555";="205/70R15C 106/104S TRANSMATE TRANSEASON VAN M+S";="TERCELO";="TRANSEASON VAN";="UNIDAD";105,000;0,000;109,000;0,000;69,42;105,000;0,000;0,000;
="KB005";="205/70R15C 106/104T KINGBOSS G326";="KINGBOSS";="G326";="UNIDAD";36,000;0,000;46,000;0,000;61,16;36,000;0,000;0,000;
="109645";="205/70R15C CARGO MARATHON 2 106/104R";="GOODYEAR";="CARGO";="UNIDAD";4,000;0,000;9,000;0,000;173,55;4,000;0,000;0,000;
="2057515KM";="205/75R15 KUMHO AT61 97S";="KUMHO";="MARCAS VARIAS";="UNIDAD";6,000;0,000;6,000;0,000;87603,31;6,000;0,000;0,000;
="5567";="205/75R16C 113/111S TRANSMATE TRANSEASON VAN M+S";="TERCELO";="TRANSEASON VAN";="UNIDAD";79,000;0,000;87,000;0,000;83,47;75,000;4,000;0,000;
="111383";="205R16C WRANGLER WORKHORSE AT 110/108T D";="GOODYEAR";="WRANGLER WORKHORSE";="UNIDAD";7,000;0,000;19,000;0,000;176,03;7,000;0,000;0,000;
="F83";="20X8.00-8-4PR TL FORERRUNER WAVE";="FORERUNNER";="WAVE";="UNIDAD";70,000;0,000;70,000;0,000;35,74;38,000;2,000;30,000;
="105326";="215/40R17 EFFICIENTGRIP PERFORMANCE 87W";="GOODYEAR";="EFFICIENTGRIP";="UNIDAD";12,000;0,000;14,000;0,000;139,67;12,000;0,000;0,000;
="108303";="215/45R16 EFFICIENTGRIP PERFORMANCE 90V";="GOODYEAR";="EFFICIENTGRIP";="UNIDAD";3,000;0,000;8,000;0,000;152,89;3,000;0,000;0,000;
="117706";="215/45R17 87Y EAGLE F1 ASYMMETRIC 6 ";="GOODYEAR";="ASYMMETRIC";="UNIDAD";3,000;0,000;3,000;0,000;165,29;3,000;0,000;0,000;
="108701";="215/45R17 EFFICIENTGRIP PERFORMANCE 91V";="GOODYEAR";="EFFICIENTGRIP";="UNIDAD";11,000;0,000;24,000;0,000;157,85;11,000;0,000;0,000;
="141352";="215/45R18 WRANGLER TERRITORY HT 93V XL F";="GOODYEAR";="WRANGLER TERRITORY";="UNIDAD";2,000;0,000;2,000;0,000;171,07;2,000;0,000;0,000;
="5030";="215/45ZR17 91W TRANSMATE SPORT D1 M+S XL";="TERCELO";="SPORT D1";="UNIDAD";133,000;0,000;145,000;0,000;55,37;83,000;0,000;50,000;
="117862";="215/50R17 EAGLE SPORT 2 91V SL";="GOODYEAR";="EAGLE SPORT";="UNIDAD";5,000;0,000;11,000;0,000;110,74;5,000;0,000;0,000;
="118094";="215/50R17 EFFICIENTGRIP PERFORMANCE 91V";="GOODYEAR";="EFFICIENTGRIP";="UNIDAD";6,000;0,000;55,000;0,000;112,40;6,000;0,000;0,000;
="5031";="215/50ZR17 95W TRANSMATE SPORT D1 M+S";="TERCELO";="SPORT D1";="UNIDAD";91,000;0,000;99,000;0,000;61,98;25,000;0,000;66,000;
="6731";="215/50ZR17 95W TRANSMATE TOURING H7 M+S";="TERCELO";="TOURING H7";="UNIDAD";87,000;0,000;87,000;0,000;59,50;83,000;4,000;0,000;
="6101";="215/50ZR17 95W TRANSMATE TRANSERENUS ECO M+S XL";="TERCELO";="TRANSERENUS ECO";="UNIDAD";84,000;0,000;102,000;0,000;57,02;40,000;8,000;36,000;
="107263";="215/55R16 EFFICIENTGRIP PERFORMANCE 93V";="GOODYEAR";="EFFICIENTGRIP";="UNIDAD";1,000;0,000;2,000;0,000;143,80;1,000;0,000;0,000;
="4358";="215/55R18 99V TRANSMATE SOLITUDE M+S";="TERCELO";="SOLITUDE";="UNIDAD";1,000;0,000;1,000;0,000;66,94;1,000;0,000;0,000;
="3286";="215/55R18 99V TRANSMATE WZD105 M+S";="TERCELO";="WZD105";="UNIDAD";54,000;0,000;62,000;0,000;71,07;40,000;14,000;0,000;
="117854";="215/60R16 95V SL WRANGLER FORTITUDE HT";="GOODYEAR";="WRANGLER FORTITUDE HT";="UNIDAD";4,000;0,000;4,000;0,000;132,23;4,000;0,000;0,000;
="106659";="215/60R16 EFFICIENTGRIP PERFORMANCE 99W";="GOODYEAR";="EFFICIENTGRIP";="UNIDAD";7,000;0,000;19,000;0,000;123,14;7,000;0,000;0,000;
="2156016KM";="215/60R16 KUMHO ES31 95V";="KUMHO";="MARCAS VARIAS";="UNIDAD";4,000;0,000;4,000;0,000;62,81;4,000;0,000;0,000;
="4359";="215/60R17 96H TRANSMATE SOLITUDE M+S";="TERCELO";="SOLITUDE";="UNIDAD";2,000;0,000;15,000;0,000;65,29;0,000;2,000;0,000;
="4452";="215/65R16 102H TRANSMATE SOLITUDE M+S";="TERCELO";="SOLITUDE";="UNIDAD";21,000;0,000;35,000;0,000;65,29;21,000;0,000;0,000;
="3303";="215/70R15C 109/107S TRANSMATE WZT705 M+S";="TERCELO";="WZT705";="UNIDAD";44,000;0,000;48,000;0,000;68,60;44,000;0,000;0,000;
="RK601H1";="215/70R16 100H ROYAL SPORT TL M+S";="ROYAL BLACK";="ROYAL SPORT";="UNIDAD";4,000;0,000;4,000;0,000;85,12;2,000;2,000;0,000;
="3305";="215/70R16 100H TRANSMATE WZD105 M+S";="TERCELO";="WZD105";="UNIDAD";53,000;0,000;57,000;0,000;73,55;43,000;10,000;0,000;
="110762";="215/70R16 WRANGLERL FORTITUDE HT 100H SL";="GOODYEAR";="WRANGLER FORTITUDE HT";="UNIDAD";9,000;0,000;19,000;0,000;150,41;9,000;0,000;0,000;
="AR7971902HD";="215/75R17.5 ARIVO BUFFALO ARST1 135/133J";="ARIVO";="DIRECCION";="UNIDAD";3,000;0,000;3,000;0,000;128,76;0,000;3,000;0,000;
="123345";="215/75R17.5 REG. RHS 126/124L";="GOODYEAR";="DIRECCION";="UNIDAD";6,000;0,000;66,000;0,000;202,48;6,000;0,000;0,000;
="123313";="215/75R17.5 REGIONAL RHD 126/124L F TL";="GOODYEAR";="TRACCION";="UNIDAD";9,000;0,000;17,000;0,000;222,31;0,000;0,000;9,000;
="7500413";="215/75R17.5 ROYAL BLACK RD801 18PR 135/133J M+S";="ROYAL BLACK";="TRACCION";="UNIDAD";17,000;0,000;21,000;0,000;170,37;1,000;16,000;0,000;
="7500412";="215/75R17.5 ROYAL BLACK RS201 18PR 135/133J M+S";="ROYAL BLACK";="DIRECCION";="UNIDAD";518,000;0,000;530,000;0,000;128,93;0,000;4,000;514,000;
="123344";="215/75R17.5 STEELMARK AGS 126/124L";="GOODYEAR";="DIRECCION";="UNIDAD";26,000;0,000;56,000;0,000;152,07;1,000;0,000;25,000;
="108757";="215/80R16 WRANGLER ARMORTRAC 107S XL";="GOODYEAR";="WRANGLER ARMORTRAC";="UNIDAD";1,000;0,000;23,000;0,000;203,57;1,000;0,000;0,000;
="111435";="215/80R16 WRANGLER WORKHORSE AT 107S XL";="GOODYEAR";="WRANGLER WORKHORSE";="UNIDAD";1,000;0,000;27,000;0,000;142,98;1,000;0,000;0,000;
="110098";="225/35R19 EAGLE F1 ASYMMETRIC 5 XL 88Y";="GOODYEAR";="ASYMMETRIC";="UNIDAD";4,000;0,000;4,000;0,000;211,57;4,000;0,000;0,000;
="117789";="225/35R20 KELLY EDGE SPORT 2 90V XL";="GOODYEAR";="KELLY";="UNIDAD";4,000;0,000;4,000;0,000;212,40;4,000;0,000;0,000;
="107510";="225/40R18  EAGLE SPORT ALL SEASON 92W";="GOODYEAR";="EAGLE SPORT";="UNIDAD";8,000;0,000;9,000;0,000;152,89;8,000;0,000;0,000;
="105470";="225/40R18 EAGLE F1 ASYMMETRIC 2 ROF 88Y";="GOODYEAR";="RUN ON FLAT";="UNIDAD";4,000;0,000;7,000;0,000;261,98;4,000;0,000;0,000;
="108461";="225/40R18 EAGLE F1 ASYMMETRIC 3 92Y";="GOODYEAR";="ASYMMETRIC";="UNIDAD";12,000;0,000;20,000;0,000;267,77;12,000;0,000;0,000;
="106565";="225/40R18 EFFICIENTGRIP PERFORMANCE 92W XL";="GOODYEAR";="EFFICIENTGRIP";="UNIDAD";8,000;0,000;6,000;0,000;146,28;8,000;0,000;0,000;
="5034";="225/40ZR18 92W TRANSMATE SPORT D1 M+S";="TERCELO";="SPORT D1";="UNIDAD";53,000;0,000;59,000;0,000;61,98;15,000;0,000;38,000;
="107629";="225/45R17 EFFICIENTGRIP PERFORMANCE 94W";="GOODYEAR";="EFFICIENTGRIP";="UNIDAD";6,000;0,000;68,000;0,000;107,44;4,000;2,000;0,000;
="103470";="225/45R17 EXCELLENCE ROF 91Y";="GOODYEAR";="RUN ON FLAT";="UNIDAD";3,000;0,000;5,000;0,000;231,40;3,000;0,000;0,000;
="117786";="225/45R17 KELLY EDGE SPORT 2 91W SL";="GOODYEAR";="KELLY";="UNIDAD";4,000;0,000;8,000;0,000;127,27;4,000;0,000;0,000;
="6787";="225/45R18 95W TRANSMATE TOURINGH H7 M+S";="TERCELO";="TOURING H7";="UNIDAD";126,000;0,000;134,000;0,000;61,98;118,000;8,000;0,000;
="108361";="225/45R18 EFFICIENTGRIP PERFORMANCE 95W";="GOODYEAR";="EFFICIENTGRIP";="UNIDAD";3,000;0,000;7,000;0,000;161,98;3,000;0,000;0,000;
="2R082H1";="225/45ZR17 94W EXTRA LOAD XL ROYAL PERFORMANCE TL M+S";="ROYAL BLACK";="ROYAL PERFORMANCE";="UNIDAD";81,000;0,000;89,000;0,000;56,20;72,000;9,000;0,000;
="5035";="225/45ZR17 94W TRANSMATE SPORT D1 M+S XL";="TERCELO";="SPORT D1";="UNIDAD";107,000;0,000;142,000;0,000;57,02;6,000;4,000;97,000;
="6747";="225/45ZR17 94W TRANSMATE TOURING H7 M+S";="TERCELO";="TOURING H7";="UNIDAD";14,000;0,000;16,000;0,000;55,37;8,000;6,000;0,000;
="5036";="225/45ZR18 95W TRANSMATE SPORT D1 M+S";="TERCELO";="SPORT D1";="UNIDAD";94,000;0,000;102,000;0,000;63,64;46,000;0,000;48,000;
="111467";="225/50R17 EAGLE SPORT 2 94V SL";="GOODYEAR";="EAGLE SPORT";="UNIDAD";12,000;0,000;20,000;0,000;145,45;12,000;0,000;0,000;
="107451";="225/50R17 EFFICIENTGRIP PERFORMANCE 94V";="GOODYEAR";="EFFICIENTGRIP";="UNIDAD";1,000;0,000;2,000;0,000;240,09;1,000;0,000;0,000;
="117853";="225/50R18 95V SL WRANGLER TERRITORY HT";="GOODYEAR";="WRANGLER TERRITORY";="UNIDAD";2,000;0,000;6,000;0,000;195,04;2,000;0,000;0,000;
="6107";="225/50ZR17 98W TRANSMATE TRANSERENUS ECO M+S";="TERCELO";="TRANSERENUS ECO";="UNIDAD";92,000;0,000;102,000;0,000;57,02;16,000;2,000;74,000;
="106698";="225/55R16 EFFICIENTGRIP PERFORMANCE 95W";="GOODYEAR";="EFFICIENTGRIP";="UNIDAD";16,000;0,000;27,000;0,000;166,12;12,000;4,000;0,000;
="117856";="225/55R18  98V SL WRANGLER FORTITUDE HT";="GOODYEAR";="WRANGLER FORTITUDE HT";="UNIDAD";4,000;0,000;12,000;0,000;181,82;4,000;0,000;0,000;
="RK632H1";="225/55R18 98H ROYAL SPORT TL M+S";="ROYAL BLACK";="ROYAL SPORT";="UNIDAD";136,000;0,000;140,000;0,000;69,42;0,000;0,000;136,000;
="5005";="225/55R18 98V TRANSMATE SPORT D1 M+S";="TERCELO";="SPORT D1";="UNIDAD";32,000;0,000;36,000;0,000;73,55;2,000;0,000;30,000;
="6819";="225/55R18 98V TRANSMATE TOURINGH H7 M+S";="TERCELO";="TOURING H7";="UNIDAD";26,000;0,000;34,000;0,000;68,60;26,000;0,000;0,000;
="118304";="225/55R19 EFFICIENTGRIP SUV 99V SL FP";="GOODYEAR";="EFFICIENTGRIP SUV";="UNIDAD";3,000;0,000;7,000;0,000;214,05;3,000;0,000;0,000;
="4360";="225/60R17 99H TRANSMATE SOLITUDE M+S";="TERCELO";="SOLITUDE";="UNIDAD";65,000;0,000;71,000;0,000;73,55;35,000;0,000;30,000;
="110752";="225/60R17 WRANGLER FORTITUDE HT 103H XL";="GOODYEAR";="WRANGLER FORTITUDE HT";="UNIDAD";16,000;0,000;16,000;0,000;205,79;16,000;0,000;0,000;
="4453";="225/60R18 100H TRANSMATE SOLITUDE M+S";="TERCELO";="SOLITUDE";="UNIDAD";74,000;0,000;82,000;0,000;75,21;66,000;8,000;0,000;
="3347";="225/65R16C 112/110R TRANSMATE WZT705 M+S";="TERCELO";="WZT705";="UNIDAD";114,000;0,000;132,000;0,000;83,47;22,000;0,000;92,000;
="5527";="225/65R16C 112/110S TRANSMATE TRANSEASON VAN M+S";="TERCELO";="TRANSEASON VAN";="UNIDAD";113,000;0,000;121,000;0,000;82,64;113,000;0,000;0,000;
="105705";="225/65R16C G32 CARGO 112R";="GOODYEAR";="CARGO";="UNIDAD";13,000;0,000;78,000;0,000;190,91;1,000;12,000;0,000;
="NREPARADA2R144H1";="225/65R17 102H ROYAL SPORT TL M+S NUEVA REPARADA";="ROYAL BLACK";="ROYAL SPORT";="UNIDAD";1,000;0,000;1,000;0,000;79,58;1,000;0,000;0,000;
="4361";="225/65R17 102H TRANSMATE SOLITUDE M+S";="TERCELO";="SOLITUDE";="UNIDAD";183,000;0,000;201,000;0,000;73,55;37,000;0,000;146,000;
="107890";="225/65R17 EFFICIENTGRIP SUV 102H";="GOODYEAR";="EFFICIENTGRIP SUV";="UNIDAD";12,000;0,000;34,000;0,000;147,11;12,000;0,000;0,000;
="110744";="225/65R17 WRANGLER FORTITUDE HT 102H SL";="GOODYEAR";="WRANGLER FORTITUDE HT";="UNIDAD";4,000;0,000;8,000;0,000;140,50;4,000;0,000;0,000;
="3352";="225/70R15C 112/110S TRANSMATE WZT705 M+S";="TERCELO";="WZT705";="UNIDAD";22,000;0,000;28,000;0,000;85,12;17,000;5,000;0,000;
="109647";="225/70R15C CARGO MARATHON 2 112/110R";="GOODYEAR";="CARGO";="UNIDAD";8,000;0,000;9,000;0,000;186,78;8,000;0,000;0,000;
="102310";="225/70R15C G32 CARGO 112/110R";="GOODYEAR";="CARGO";="UNIDAD";1,000;0,000;7,000;0,000;272,77;1,000;0,000;0,000;
="3355";="225/70R17 108T TRANSMATE WZD105 M+S";="TERCELO";="WZD105";="UNIDAD";84,000;0,000;100,000;0,000;86,78;81,000;3,000;0,000;
="3356";="225/75R15 102H TRANSMATE WZD105 M+S";="TERCELO";="WZD105";="UNIDAD";52,000;0,000;58,000;0,000;76,86;18,000;0,000;34,000;
="111434";="225/75R15 WRANGLER WORKHORSE AT 106S XL";="GOODYEAR";="WRANGLER WORKHORSE";="UNIDAD";4,000;0,000;4,000;0,000;126,45;4,000;0,000;0,000;
="3357";="225/75R15LT 108/104S TRANSMATE WZR505 M+S";="TERCELO";="WZR505";="UNIDAD";44,000;0,000;56,000;0,000;90,08;8,000;6,000;30,000;
="109329";="225/75R16 WRANGLER ARMORTRAC 115/112R";="GOODYEAR";="WRANGLER ARMORTRAC";="UNIDAD";3,000;0,000;3,000;0,000;156,20;3,000;0,000;0,000;
="X1150153";="23.1-26 DYNA TORQUE III R1 TL 12T";="GOODYEAR";="AGRICOLA TRACTOR TRASERO DIAGONAL";="UNIDAD";3,000;0,000;3,000;0,000;1548,76;0,000;0,000;3,000;
="T1150153";="23.1-26 DYNA TORQUE III R1 TL 12T";="GOODYEAR";="AGRICOLA TRACTOR TRASERO DIAGONAL";="UNIDAD";1,000;0,000;1,000;0,000;1548,76;0,000;0,000;1,000;
="23126FI";="23.1-26 FIRESTONE FORESTRY SPECIAL 14T";="MARCAS VARIAS";="VARIAS MEDIDAS";="UNIDAD";1,000;0,000;1,000;0,000;4103,44;0,000;0,000;1,000;
="F26";="23.1-26 FORERUNNER QH611 12PR TT R-1";="FORERUNNER";="AGRICOLA TRACTOR TRASERO DIAGONAL";="UNIDAD";5,000;0,000;5,000;0,000;822,68;0,000;4,000;1,000;
="T1150132";="23.1-30 DYNA TORQUE III R1 TT 12T";="GOODYEAR";="AGRICOLA TRACTOR TRASERO DIAGONAL";="UNIDAD";2,000;0,000;2,000;0,000;1335,54;0,000;1,000;1,000;
="ADV23525L3";="23.5-25 ADVANCE SDLG 16PR TT";="MARCAS VARIAS";="VIALES / OTR - DIAGONALES";="UNIDAD";2,000;0,000;2,000;0,000;1646859,50;0,000;0,000;2,000;
="F55";="23.5-25 FORERUNNER QH808 20PR TL G-2/L-2";="FORERUNNER";="VIALES / OTR - DIAGONALES";="UNIDAD";26,000;0,000;26,000;0,000;1117,69;0,000;4,000;22,000;
="F56";="23.5-25 FORERUNNER QH811 20PR TL E-3/L-3";="FORERUNNER";="VIALES / OTR - DIAGONALES";="UNIDAD";8,000;0,000;8,000;0,000;1188,40;4,000;4,000;0,000;
="F90";="23.5-25 FORERUNNER QH815 20PR TL L5";="FORERUNNER";="VIALES / OTR - DIAGONALES";="UNIDAD";15,000;0,000;15,000;0,000;2068,86;4,000;4,000;7,000;
="180090";="23.5-25 HRL3A LGE3 4S 16PR";="GOODYEAR";="VIALES";="UNIDAD";12,000;0,000;12,000;0,000;2072,73;0,000;4,000;8,000;
="LDW23525L3";="23.5-25 LEADWAY SDLG 18PR TT";="MARCAS VARIAS";="VIALES / OTR - DIAGONALES";="UNIDAD";2,000;0,000;2,000;0,000;1404958,68;0,000;0,000;2,000;
="T1606074";="23.5-25 ND LCM E-3 E3 TL 16T ";="TITAN GOODYEAR";="VIALES / OTR - DIAGONALES";="UNIDAD";6,000;0,000;6,000;0,000;2072,73;0,000;0,000;6,000;
="104534";="235/40R18 EAGLE F1 ASYMMETRIC 2 95Y";="GOODYEAR";="ASYMMETRIC";="UNIDAD";1,000;0,000;4,000;0,000;351,75;1,000;0,000;0,000;
="118286";="235/40R18 EAGLE F1 ASYMMETRIC 6 95Y XL F";="GOODYEAR";="ASYMMETRIC";="UNIDAD";8,000;0,000;8,000;0,000;180,99;8,000;0,000;0,000;
="108360";="235/40ZR19 EAGLE F1 ASYMMETRIC 2 92Y";="GOODYEAR";="ASYMMETRIC";="UNIDAD";4,000;0,000;4,000;0,000;206,61;4,000;0,000;0,000;
="110231";="235/45R17 EAGLE F1 ASYMMETRIC 5 XL 97Y";="GOODYEAR";="ASYMMETRIC";="UNIDAD";2,000;0,000;2,000;0,000;206,61;2,000;0,000;0,000;
="5042";="235/45R18 98Y TRANSMATE SPORT D1 M+S";="TERCELO";="SPORT D1";="UNIDAD";83,000;0,000;87,000;0,000;71,40;59,000;4,000;20,000;
="5041";="235/45ZR17 97W TRANSMATE SPORT D1 M+S";="TERCELO";="SPORT D1";="UNIDAD";24,000;0,000;28,000;0,000;63,64;0,000;0,000;24,000;
="2354517KM";="235/45ZR17 97Y KUMHO";="KUMHO";="MARCAS VARIAS";="UNIDAD";4,000;0,000;4,000;0,000;205785,12;4,000;0,000;0,000;
="6795";="235/45ZR18 98Y TRANSMATE TOURING H7 M+S";="TERCELO";="TOURING H7";="UNIDAD";49,000;0,000;56,000;0,000;66,94;49,000;0,000;0,000;
="5007";="235/45ZR19 99W TRANSMATE SPORT D1 M+S";="TERCELO";="SPORT D1";="UNIDAD";41,000;0,000;49,000;0,000;76,03;29,000;0,000;12,000;
="107499";="235/50R18  EAGLE SPORT ALL SEASON 97W";="GOODYEAR";="EAGLE SPORT";="UNIDAD";10,000;0,000;15,000;0,000;167,77;10,000;0,000;0,000;
="110580";="235/50R18 ASSURANCE FUEL MAX AW 97H SL F";="GOODYEAR";="ASSURANCE FUEL MAX";="UNIDAD";2,000;0,000;9,000;0,000;258,68;2,000;0,000;0,000;
="4449";="235/50ZR18 101W TRANSMATE SOLITUDE M+S";="TERCELO";="SOLITUDE";="UNIDAD";4,000;0,000;12,000;0,000;79,34;0,000;0,000;4,000;
="110581";="235/55R17 ASSURANCE FUEL MAX AW 99H SL F";="GOODYEAR";="ASSURANCE FUEL MAX";="UNIDAD";4,000;0,000;4,000;0,000;248,76;4,000;0,000;0,000;
="109326";="235/55R17 EFFICIENTGRIP SUV 99V";="GOODYEAR";="EFFICIENTGRIP SUV";="UNIDAD";2,000;0,000;2,000;0,000;166,94;2,000;0,000;0,000;
="110756";="235/55R17 WRANGLERL FORTITUDE HT 99V SL";="GOODYEAR";="WRANGLER FORTITUDE HT";="UNIDAD";28,000;0,000;36,000;0,000;230,58;28,000;0,000;0,000;
="4363";="235/55R18 100H TRANSMATE SOLITUDE M+S";="TERCELO";="SOLITUDE";="UNIDAD";32,000;0,000;40,000;0,000;76,86;32,000;0,000;0,000;
="108772";="235/55R18 EFFICIENTGRIP SUV 104V XL";="GOODYEAR";="EFFICIENTGRIP SUV";="UNIDAD";3,000;0,000;3,000;0,000;197,52;3,000;0,000;0,000;
="5008";="235/55R19 105W TRANSMATE SPORT D1 M+S";="TERCELO";="SPORT D1";="UNIDAD";31,000;0,000;35,000;0,000;83,47;27,000;0,000;4,000;
="108770";="235/55R19 EFFICIENTGRIP SUV 105V";="GOODYEAR";="EFFICIENTGRIP SUV";="UNIDAD";4,000;0,000;10,000;0,000;238,02;4,000;0,000;0,000;
="5045";="235/55ZR17 103W TRANSMATE SPORT D1 M+S";="TERCELO";="SPORT D1";="UNIDAD";22,000;0,000;32,000;0,000;71,07;18,000;0,000;4,000;
="110743";="235/60R16 WRANGLERL FORTITUDE HT 100H SL";="GOODYEAR";="WRANGLER FORTITUDE HT";="UNIDAD";8,000;0,000;14,000;0,000;152,89;8,000;0,000;0,000;
="107886";="235/60R17 EFFICIENTGRIP SUV 102H";="GOODYEAR";="EFFICIENTGRIP SUV";="UNIDAD";16,000;0,000;16,000;0,000;202,48;16,000;0,000;0,000;
="110753";="235/60R17 WRANGLER FORTITUDE HT 102V SL";="GOODYEAR";="WRANGLER FORTITUDE HT";="UNIDAD";4,000;0,000;6,000;0,000;185,95;4,000;0,000;0,000;
="2356017YH";="235/60R17 YOKOHAMA";="YOKOHAMA";="MARCAS VARIAS";="UNIDAD";2,000;0,000;2,000;0,000;62,81;2,000;0,000;0,000;
="4364";="235/60R18 103H TRANSMATE SOLITUDE M+S";="TERCELO";="SOLITUDE";="UNIDAD";43,000;0,000;47,000;0,000;87,60;23,000;0,000;20,000;
="108592";="235/60R18 EAGLE F1 ASYMMETRIC SUV 103W";="GOODYEAR";="EAGLE ASYMETRIC SUV";="UNIDAD";4,000;0,000;8,000;0,000;235,54;4,000;0,000;0,000;
="110741";="235/60R18 WRANGLER FORTITUDE HT 103V SL";="GOODYEAR";="WRANGLER FORTITUDE HT";="UNIDAD";5,000;0,000;9,000;0,000;181,82;5,000;0,000;0,000;
="118183";="235/60R18 WRANGLER TERRITORY HT 107H XL";="GOODYEAR";="WRANGLER TERRITORY";="UNIDAD";9,000;0,000;9,000;0,000;200,00;9,000;0,000;0,000;
="KB009";="235/65R16C 115/113T KINGBOSS G326";="KINGBOSS";="G326";="UNIDAD";15,000;0,000;23,000;0,000;76,86;11,000;4,000;0,000;
="111330";="235/65R16C CARGO MARATHON 2 121/119R E";="GOODYEAR";="CARGO";="UNIDAD";12,000;0,000;19,000;0,000;211,57;12,000;0,000;0,000;
="4362";="235/65R17 104H TRANSMATE SOLITUDE M+S";="TERCELO";="SOLITUDE";="UNIDAD";194,000;0,000;198,000;0,000;85,12;172,000;0,000;22,000;
="RK437H1";="235/65R17 108H EXTRA LOAD XL ROYAL PERFORMANCE TL M+S";="ROYAL BLACK";="ROYAL PERFORMANCE";="UNIDAD";104,000;0,000;104,000;0,000;85,12;55,000;4,000;45,000;
="110750";="235/65R17 WRANGLER FORTITUDE HT 104V SL";="GOODYEAR";="WRANGLER FORTITUDE HT";="UNIDAD";37,000;0,000;45,000;0,000;153,72;37,000;0,000;0,000;
="3393";="235/70R16 104T TRANSMATE WZR505 M+S";="TERCELO";="WZR505";="UNIDAD";27,000;0,000;36,000;0,000;87,60;19,000;8,000;0,000;
="3392";="235/70R16 106H TRANSMATE WZD105 M+S";="TERCELO";="WZD105";="UNIDAD";44,000;0,000;48,000;0,000;91,74;44,000;0,000;0,000;
="111433";="235/70R16 WRANGLER WORKHORSE AT 109T XL";="GOODYEAR";="WRANGLER WORKHORSE";="UNIDAD";7,000;0,000;17,000;0,000;167,77;7,000;0,000;0,000;
="2357515FA";="235/75R15 FATE RANGE RUNNER MT";="FATE";="MARCAS VARIAS";="UNIDAD";1,000;0,000;1,000;0,000;95,87;1,000;0,000;0,000;
="107446";="235/75R15 WRANGLER ARMORTRAC 109S XL";="GOODYEAR";="WRANGLER ARMORTRAC";="UNIDAD";2,000;0,000;37,000;0,000;136,36;2,000;0,000;0,000;
="3397";="235/75R15LT 110/107S TRANSMATE WZR505 M+S";="TERCELO";="WZR505";="UNIDAD";1,000;0,000;1,000;0,000;97,52;0,000;1,000;0,000;
="AR7971002HD";="235/75R17.5 ARIVO BUFFALO ARST1 143/141J";="ARIVO";="DIRECCION";="UNIDAD";28,000;0,000;28,000;0,000;163,31;14,000;14,000;0,000;
="T1153813";="24.5-32 ALL WEATHER R3 TL 14T";="GOODYEAR";="AGRICOLA TRACTOR TRASERO DIAGONAL";="UNIDAD";2,000;0,000;2,000;0,000;1718,18;0,000;0,000;2,000;
="X1153813";="24.5-32 ALL WEATHER R3 TL 14T";="GOODYEAR";="AGRICOLA TRACTOR TRASERO DIAGONAL";="UNIDAD";2,000;0,000;2,000;0,000;1718,18;0,000;0,000;2,000;
="T1150142";="24.5-32 DYNA TORQUE III  R1 TT 12T";="GOODYEAR";="AGRICOLA TRACTOR TRASERO DIAGONAL";="UNIDAD";2,000;0,000;5,000;0,000;1695,04;0,000;2,000;0,000;
="108514";="245/35R18 EAGLE F1 ASYMMETRIC 3 92Y";="GOODYEAR";="ASYMMETRIC";="UNIDAD";1,000;0,000;5,000;0,000;365,87;1,000;0,000;0,000;
="110193";="245/40R18 EAGLE F1 ASYMMETRIC 3 97Y";="GOODYEAR";="ASYMMETRIC";="UNIDAD";3,000;0,000;3,000;0,000;302,48;3,000;0,000;0,000;
="106870";="245/40R18 EFFICIENTGRIP PERFORMANCE 97W XL";="GOODYEAR";="EFFICIENTGRIP";="UNIDAD";4,000;0,000;8,000;0,000;199,17;4,000;0,000;0,000;
="5047";="245/40ZR18 97Y TRANSMATE SPORT D1 M+S";="TERCELO";="SPORT D1";="UNIDAD";27,000;0,000;31,000;0,000;70,25;11,000;0,000;16,000;
="108410";="245/40ZR20 EAGLE F1 ASYMM 3 ROF 95Y";="GOODYEAR";="RUN ON FLAT";="UNIDAD";6,000;0,000;6,000;0,000;415,70;6,000;0,000;0,000;
="2454518YH";="245/45R18 100W AE51 YOKOHAMA";="YOKOHAMA";="MARCAS VARIAS";="UNIDAD";4,000;0,000;4,000;0,000;333884,30;4,000;0,000;0,000;
="108586";="245/45R18 EAGLE F1 ASYMMETRIC 3 100Y";="GOODYEAR";="ASYMMETRIC";="UNIDAD";6,000;0,000;8,000;0,000;307,44;6,000;0,000;0,000;
="106189";="245/45R18 EFFICIENTGRIP ROF 96Y";="GOODYEAR";="RUN ON FLAT";="UNIDAD";4,000;0,000;4,000;0,000;233,06;4,000;0,000;0,000;
="103148";="245/45R19 EXCELLENCE ROF 98Y";="GOODYEAR";="RUN ON FLAT";="UNIDAD";3,000;0,000;4,000;0,000;365,29;3,000;0,000;0,000;
="5048";="245/45ZR17 99W TRANSMATE SPORT D1 M+S";="TERCELO";="SPORT D1";="UNIDAD";46,000;0,000;54,000;0,000;67,77;0,000;8,000;38,000;
="5049";="245/45ZR18 100W TRANSMATE SPORT D1 M+S";="TERCELO";="SPORT D1";="UNIDAD";88,000;0,000;92,000;0,000;71,07;50,000;2,000;36,000;
="6811";="245/45ZR18 100W TRANSMATE TOURING H7 M+S";="TERCELO";="TOURING H7";="UNIDAD";48,000;0,000;48,000;0,000;67,77;48,000;0,000;0,000;
="118497";="245/50R18 EFFICIENTGRIP 100W MOEXTENDED SL RO";="GOODYEAR";="EFFICIENTGRIP";="UNIDAD";4,000;0,000;4,000;0,000;304,13;4,000;0,000;0,000;
="4610";="245/60R18 105V TRANSMATE SOLITUDE M+S";="TERCELO";="SOLITUDE";="UNIDAD";56,000;0,000;56,000;0,000;90,91;30,000;14,000;12,000;
="107888";="245/60R18 EFFICIENTGRIP SUV 105H";="GOODYEAR";="EFFICIENTGRIP SUV";="UNIDAD";4,000;0,000;4,000;0,000;204,13;4,000;0,000;0,000;
="100773";="245/60R18 WRANGLER HP AW 105H ***";="GOODYEAR";="HP";="UNIDAD";8,000;0,000;8,000;0,000;217,36;8,000;0,000;0,000;
="2456517TR";="245/65R17 TRIANGLE TR527";="TRIANGLE";="MARCAS VARIAS";="UNIDAD";2,000;0,000;2,000;0,000;49,59;2,000;0,000;0,000;
="106945";="245/65R17 WRANGLER ALL-TERRAIN ADVENTURE 107T";="GOODYEAR";="WRANGLER ADVENTURE";="UNIDAD";3,000;0,000;11,000;0,000;161,16;3,000;0,000;0,000;
="109331";="245/65R17 WRANGLER ARMORTRAC 111H";="GOODYEAR";="WRANGLER ARMORTRAC";="UNIDAD";1,000;0,000;11,000;0,000;256,25;1,000;0,000;0,000;
="110749";="245/65R17 WRANGLER FORTITUDE HT 111H XL";="GOODYEAR";="WRANGLER FORTITUDE HT";="UNIDAD";2,000;0,000;2,000;0,000;141,32;2,000;0,000;0,000;
="111437";="245/65R17 WRANGLER WORKHORSE AT 111H XL";="GOODYEAR";="WRANGLER WORKHORSE";="UNIDAD";3,000;0,000;29,000;0,000;148,76;3,000;0,000;0,000;
="2R096H1";="245/70R16 107H ROYAL SPORT TL M+S";="ROYAL BLACK";="ROYAL SPORT";="UNIDAD";1,000;0,000;1,000;0,000;90,74;1,000;0,000;0,000;
="108612";="245/70R16 WRANGLER ALL-TERRAIN ADVENTURE 111T";="GOODYEAR";="WRANGLER ADVENTURE";="UNIDAD";2,000;0,000;6,000;0,000;135,54;2,000;0,000;0,000;
="111430";="245/70R16 WRANGLER WORKHORSE AT 113/110 T";="GOODYEAR";="WRANGLER WORKHORSE";="UNIDAD";6,000;0,000;26,000;0,000;172,73;6,000;0,000;0,000;
="117289";="245/75R16 WRANGLER WORKHORSE AT 114S D";="GOODYEAR";="WRANGLER WORKHORSE";="UNIDAD";4,000;0,000;8,000;0,000;166,94;4,000;0,000;0,000;
="3426";="245/75R16LT 120/116S TRANSMATE WZR505 M+S";="TERCELO";="WZR505";="UNIDAD";2,000;0,000;10,000;0,000;113,22;2,000;0,000;0,000;
="109805";="255/35R18 EAGLE F1 ASYMMETRIC 2 ROF 90Y";="GOODYEAR";="RUN ON FLAT";="UNIDAD";4,000;0,000;4,000;0,000;306,61;4,000;0,000;0,000;
="108552";="255/35R18 EAGLE F1 ASYMMETRIC 3 94Y";="GOODYEAR";="ASYMMETRIC";="UNIDAD";14,000;0,000;16,000;0,000;314,05;14,000;0,000;0,000;
="108551";="255/35R19 EAGLE F1 ASYMMETRIC 3 96Y";="GOODYEAR";="ASYMMETRIC";="UNIDAD";8,000;0,000;11,000;0,000;420,66;8,000;0,000;0,000;
="110263";="255/40R19 EAGLE F1 ASYMMETRIC 3 XL 100Y";="GOODYEAR";="ASYMMETRIC";="UNIDAD";6,000;0,000;8,000;0,000;376,86;6,000;0,000;0,000;
="105323";="255/45R18 EFFICIENTGRIP PERFORMANCE 99Y";="GOODYEAR";="EFFICIENTGRIP";="UNIDAD";8,000;0,000;11,000;0,000;214,05;8,000;0,000;0,000;
="105232";="255/45R20 EFFICIENTGRIP ROF 101Y";="GOODYEAR";="RUN ON FLAT";="UNIDAD";8,000;0,000;8,000;0,000;338,84;8,000;0,000;0,000;
="5015";="255/45ZR18 99W TRANSMATE SPORT D1 M+S";="TERCELO";="SPORT D1";="UNIDAD";28,000;0,000;32,000;0,000;75,21;12,000;16,000;0,000;
="110542";="255/50R19 EAGLE F1 ASYMMETRIC SUV 4X4 ROF";="GOODYEAR";="RUN ON FLAT";="UNIDAD";4,000;0,000;4,000;0,000;303,31;4,000;0,000;0,000;
="105231";="255/50R19 EFFICIENTGRIP ROF 103Y";="GOODYEAR";="RUN ON FLAT";="UNIDAD";6,000;0,000;7,000;0,000;295,04;6,000;0,000;0,000;
="2555019HK";="255/50R19 HANKOOK";="HANKOOK";="MARCAS VARIAS";="UNIDAD";1,000;0,000;0,000;0,000;543,57;1,000;0,000;0,000;
="4457";="255/50ZR19 107W TRANSMATE SOLITUDE M+S";="TERCELO";="SOLITUDE";="UNIDAD";82,000;0,000;94,000;0,000;90,08;66,000;16,000;0,000;
="106245";="255/55R18 EAGLE F1 ASYMMETRIC SUV 109Y XL";="GOODYEAR";="EAGLE ASYMETRIC SUV";="UNIDAD";8,000;0,000;8,000;0,000;261,16;8,000;0,000;0,000;
="107892";="255/55R19 EFFICIENTGRIP SUV 111V";="GOODYEAR";="EFFICIENTGRIP SUV";="UNIDAD";3,000;0,000;15,000;0,000;255,37;3,000;0,000;0,000;
="4613";="255/55R20 110V TRANSMATE SOLITUDE M+S";="TERCELO";="SOLITUDE";="UNIDAD";43,000;0,000;47,000;0,000;103,31;7,000;10,000;26,000;
="111690";="255/55R20 WRANGLER TERRITORY HT 110V XL";="GOODYEAR";="WRANGLER TERRITORY";="UNIDAD";18,000;0,000;22,000;0,000;334,71;18,000;0,000;0,000;
="105401";="255/60R17 EAGLE F1 ASYMMETRIC SUV 106V";="GOODYEAR";="EAGLE ASYMETRIC SUV";="UNIDAD";8,000;0,000;8,000;0,000;222,31;8,000;0,000;0,000;
="2556018BR";="255/60R18 BRIDGESTONE 108H";="BRIDGESTONE";="MARCAS VARIAS";="UNIDAD";1,000;0,000;0,000;0,000;839,51;1,000;0,000;0,000;
="109332";="255/65R17 WRANGLER ARMORTRAC 110T";="GOODYEAR";="WRANGLER ARMORTRAC";="UNIDAD";2,000;0,000;8,000;0,000;219,01;2,000;0,000;0,000;
="110746";="255/70R16  WRANGLER FORTITUDE HT 111H SL";="GOODYEAR";="WRANGLER FORTITUDE HT";="UNIDAD";4,000;0,000;4,000;0,000;161,98;4,000;0,000;0,000;
="3446";="255/70R16 109T TRANSMATE WZR505 M+S";="TERCELO";="WZR505";="UNIDAD";1,000;0,000;3,000;0,000;100,00;1,000;0,000;0,000;
="109932";="255/70R16 WRANGLER ALL-TERRAIN ADVENTURE OWL 111T";="GOODYEAR";="WRANGLER ADVENTURE";="UNIDAD";1,000;0,000;1,000;0,000;239,83;1,000;0,000;0,000;
="X1650100";="26.5R25 L3 TL 202/1T";="TITAN GOODYEAR";="VIALES / OTR - RADIALES";="UNIDAD";4,000;0,000;4,000;0,000;3681,82;0,000;0,000;4,000;
="105446";="265/30R19 EAGLE F1 ASYMMETRIC 2 93Y";="GOODYEAR";="ASYMMETRIC";="UNIDAD";12,000;0,000;12,000;0,000;372,73;12,000;0,000;0,000;
="108603";="265/35R18 EAGLE F1 ASYMMETRIC 3 97Y";="GOODYEAR";="ASYMMETRIC";="UNIDAD";8,000;0,000;8,000;0,000;331,40;8,000;0,000;0,000;
="3450";="265/60R18 110H TRANSMATE WZD105 M+S";="TERCELO";="WZD105";="UNIDAD";17,000;0,000;23,000;0,000;99,17;13,000;4,000;0,000;
="RK625H1";="265/60R18 114H ROYAL SPORT EXTRA LOAD XL TL M+S";="ROYAL BLACK";="ROYAL SPORT";="UNIDAD";233,000;0,000;239,000;0,000;99,17;95,000;0,000;138,000;
="110755";="265/60R18 WRANGLER FORTITUDE HT 110H";="GOODYEAR";="WRANGLER FORTITUDE HT";="UNIDAD";1,000;0,000;7,000;0,000;163,64;1,000;0,000;0,000;
="111441";="265/60R18 WRANGLER WORKHORSE AT 110H SL";="GOODYEAR";="WRANGLER WORKHORSE";="UNIDAD";1,000;0,000;19,000;0,000;167,77;1,000;0,000;0,000;
="2R023H1";="265/65R17 112H ROYAL PERFORMANCE TL M+S";="ROYAL BLACK";="ROYAL PERFORMANCE";="UNIDAD";560,000;0,000;564,000;0,000;101,65;222,000;16,000;322,000;
="3453";="265/65R17 112H TRANSMATE WZD105 M+S";="TERCELO";="WZD105";="UNIDAD";201,000;0,000;209,000;0,000;104,13;133,000;18,000;50,000;
="RK313H1COPIA";="265/65R17 112T ROYAL A/T TL M+S";="ROYAL BLACK";="ROYAL A/T";="UNIDAD";2,000;0,000;2,000;0,000;101,16;2,000;0,000;0,000;
="6662";="265/65R17 112T TRANSMATE WZR505 M+S";="TERCELO";="WZR505";="UNIDAD";17,000;0,000;43,000;0,000;101,65;13,000;4,000;0,000;
="107883";="265/65R17 EFFICIENTGRIP SUV 112H";="GOODYEAR";="EFFICIENTGRIP SUV";="UNIDAD";3,000;0,000;5,000;0,000;202,48;3,000;0,000;0,000;
="109933";="265/65R17 WRANGLER ALL-TERRAIN ADVENTURE OWL 112T";="GOODYEAR";="WRANGLER ADVENTURE";="UNIDAD";1,000;0,000;16,000;0,000;179,34;1,000;0,000;0,000;
="107109";="265/65R18 WRANGLER ALL-TERRAIN ADVENTURE OWL 114T";="GOODYEAR";="WRANGLER ADVENTURE";="UNIDAD";4,000;0,000;16,000;0,000;214,05;4,000;0,000;0,000;
="3458";="265/70R16 111T TRANSMATE WZR505 M+S";="TERCELO";="WZR505";="UNIDAD";5,000;0,000;9,000;0,000;104,96;1,000;4,000;0,000;
="111569";="265/70R16 WRANGLER WORKHORSE AT 112T SL";="GOODYEAR";="WRANGLER WORKHORSE";="UNIDAD";6,000;0,000;14,000;0,000;182,64;2,000;4,000;0,000;
="3461";="265/70R17 113T TRANSMATE WZR505 M+S";="TERCELO";="WZR505";="UNIDAD";88,000;0,000;100,000;0,000;122,31;18,000;8,000;62,000;
="2R099H1";="265/70R17 115H ROYAL SPORT TL M+S";="ROYAL BLACK";="ROYAL SPORT";="UNIDAD";256,000;0,000;256,000;0,000;122,31;256,000;0,000;0,000;
="RK314H1";="265/70R17 115T ROYAL A/T TL M+S";="ROYAL BLACK";="ROYAL A/T";="UNIDAD";15,000;0,000;15,000;0,000;122,31;15,000;0,000;0,000;
="104301";="275/35R20 EXCELLENCE ROF 102Y XL";="GOODYEAR";="RUN ON FLAT";="UNIDAD";5,000;0,000;3,000;0,000;483,47;5,000;0,000;0,000;
="108411";="275/35ZR20 EAGLE F1 ASYMM 3 ROF 98Y";="GOODYEAR";="RUN ON FLAT";="UNIDAD";1,000;0,000;1,000;0,000;811,05;1,000;0,000;0,000;
="107537";="275/60R20 WRANGLER ALL-TERRAIN ADVENTURE OWL 115T";="GOODYEAR";="WRANGLER ADVENTURE";="UNIDAD";4,000;0,000;16,000;0,000;306,61;4,000;0,000;0,000;
="3472";="275/65R18LT 123/120S TRANSMATE WZR505 M+S";="TERCELO";="WZR505";="UNIDAD";21,000;0,000;25,000;0,000;130,58;17,000;4,000;0,000;
="AR7972601HD";="275/70R22.5 ARIVO BUFFALO ARST1 145/145M";="ARIVO";="DIRECCION";="UNIDAD";24,000;0,000;28,000;0,000;248,88;16,000;8,000;0,000;
="121526";="275/70R22.5 G617 152/148J J TL";="GOODYEAR";="DIRECCION";="UNIDAD";9,000;0,000;8,000;0,000;387,60;8,000;0,000;1,000;
="AR6781703G";="275/80R22.5 ARIVO XARD42 149/146M";="ARIVO";="TRACCION";="UNIDAD";89,000;0,000;95,000;0,000;376033,06;33,000;56,000;0,000;
="AR16217038";="275/80R22.5 ARIVO XARS92 149/146M";="ARIVO";="DIRECCION";="UNIDAD";134,000;0,000;146,000;0,000;342975,21;91,000;43,000;0,000;
="122983";="275/80R22.5 ARMOR MAX MSD 149/146K";="GOODYEAR";="TRACCION";="UNIDAD";42,000;0,000;42,000;0,000;426,45;2,000;4,000;36,000;
="124475";="275/80R22.5 COOPER WORK SERIES RHA 149/146L H";="GOODYEAR";="DIRECCION";="UNIDAD";8,000;0,000;8,000;0,000;318,18;8,000;0,000;0,000;
="124476";="275/80R22.5 COOPER WORK SERIES RHD 149/146L H";="GOODYEAR";="TRACCION";="UNIDAD";8,000;0,000;8,000;0,000;349,59;8,000;0,000;0,000;
="122186";="275/80R22.5 G686 MSS PLU 149/146K H";="GOODYEAR";="DIRECCION";="UNIDAD";1,000;0,000;1,000;0,000;348,76;0,000;0,000;1,000;
="122671";="275/80R22.5 KMAX D TRACTION 149/146L H";="GOODYEAR";="TRACCION";="UNIDAD";20,000;0,000;46,000;0,000;426,45;16,000;0,000;4,000;
="123909";="275/80R22.5 KMAX S GEN-2 149/146L  H";="GOODYEAR";="DIRECCION";="UNIDAD";157,000;0,000;181,000;0,000;387,60;0,000;10,000;147,000;
="120309";="275/80R22.5 KS461 149/146L H TL";="GOODYEAR";="DIRECCION";="UNIDAD";2,000;0,000;20,000;0,000;345,45;2,000;0,000;0,000;
="122705";="275/80R22.5 KS481 149/146L H TL";="GOODYEAR";="TRACCION";="UNIDAD";2,000;0,000;10,000;0,000;380,17;2,000;0,000;0,000;
="7500589";="275/80R22.5 ROYAL BLACK RD801 18PR 149/146M M+S";="ROYAL BLACK";="TRACCION";="UNIDAD";29,000;0,000;37,000;0,000;376033,06;3,000;26,000;0,000;
="7500584";="275/80R22.5 ROYAL BLACK RS201 18PR 149/146M M+S";="ROYAL BLACK";="DIRECCION";="UNIDAD";1,000;0,000;12,000;0,000;342975,21;1,000;0,000;0,000;
="XBRI275LI";="275/80R22.5 XBRI 16PR 149/146M ECOPLUS A3";="XBRI";="DIRECCION";="UNIDAD";278,000;0,000;278,000;0,000;371074,38;278,000;0,000;0,000;
="1BBY12001";="28.1R26 FORERUNNER QH712 158A8/158B TL R-1W ";="FORERUNNER";="AGRICOLA TRACTOR TRASERO RADIAL";="UNIDAD";6,000;0,000;6,000;0,000;1825,55;0,000;2,000;4,000;
="107604";="285/45R19 EAGLE F1 ASYMMETRIC SUV  ROF 111W XL";="GOODYEAR";="RUN ON FLAT";="UNIDAD";4,000;0,000;4,000;0,000;349,59;4,000;0,000;0,000;
="3477";="285/70R17LT 121/118S TRANSMATE WZR505 M+S";="TERCELO";="WZR505";="UNIDAD";60,000;0,000;64,000;0,000;143,80;52,000;8,000;0,000;
="3478";="285/75R16LT 126/123R TRANSMATE WZR505 M+S";="TERCELO";="WZR505";="UNIDAD";30,000;0,000;42,000;0,000;139,67;0,000;8,000;22,000;
="T1150163";="28L-26 DYNA TORQUE III 16T TL";="GOODYEAR";="AGRICOLA TRACTOR TRASERO DIAGONAL";="UNIDAD";1,000;0,000;1,000;0,000;1933,06;0,000;0,000;1,000;
="F27";="28L-26 FORERUNNER QH691 20PR TL LS-2 ";="FORERUNNER";="AGRICOLA TRACTOR TRASERO DIAGONAL";="UNIDAD";5,000;0,000;5,000;0,000;1836,20;1,000;3,000;1,000;
="29525WOR";="29.5-25 WORLDWIDE 28T";="MARCAS VARIAS";="VARIAS MEDIDAS";="UNIDAD";1,000;0,000;1,000;0,000;4645,89;0,000;0,000;1,000;
="MV6";="29.5R-29 TB516 TL RADIAL TRIANGLE";="MARCAS VARIAS";="VARIAS MEDIDAS";="UNIDAD";2,000;0,000;2,000;0,000;8888,48;0,000;0,000;2,000;
="AR1581602HD";="295/80R22.5 ARIVO BUFFALO ARA1 152/149M";="ARIVO";="DIRECCION";="UNIDAD";12,000;0,000;12,000;0,000;251,24;0,000;12,000;0,000;
="AR9191602HD";="295/80R22.5 ARIVO BUFFALO ARD1 152/149L";="ARIVO";="TRACCION";="UNIDAD";75,000;0,000;75,000;0,000;376033,06;67,000;8,000;0,000;
="AR9691602HD";="295/80R22.5 ARIVO BUFFALO ARD3 152/149K";="ARIVO";="TRACCION";="UNIDAD";2,000;0,000;2,000;0,000;278,51;2,000;0,000;0,000;
="AR7971602HD";="295/80R22.5 ARIVO BUFFALO ARST1 152/149M";="ARIVO";="DIRECCION";="UNIDAD";83,000;0,000;83,000;0,000;342975,21;48,000;35,000;0,000;
="122984";="295/80R22.5 ARMOR MAX MSD 152/148K";="GOODYEAR";="TRACCION";="UNIDAD";12,000;0,000;20,000;0,000;463,64;8,000;0,000;4,000;
="123857";="295/80R22.5 ARMOR MAX MSS 154/149J";="GOODYEAR";="DIRECCION";="UNIDAD";1,000;0,000;0,000;0,000;421,49;0,000;0,000;1,000;
="124370";="295/80R22.5 COOPER WORK SERIES RHA 149/146L H";="GOODYEAR";="DIRECCION";="UNIDAD";2,000;0,000;2,000;0,000;345,45;2,000;0,000;0,000;
="4214";="295/80R22.5 ECOSAVER ECO68 TERCELO 152/149L M+S";="TERCELO";="DIRECCION";="UNIDAD";53,000;0,000;75,000;0,000;368595,04;33,000;20,000;0,000;
="3147";="295/80R22.5 ECOSAVER ECO76 TERCELO 152/149M M+S";="TERCELO";="DIRECCION";="UNIDAD";161,000;0,000;239,000;0,000;342975,21;85,000;76,000;0,000;
="3148";="295/80R22.5 ECOSAVER ECO86 TERCELO 152/149J M+S";="TERCELO";="TRACCION";="UNIDAD";62,000;0,000;86,000;0,000;376033,06;38,000;24,000;0,000;
="122968";="295/80R22.5 FUELMAX LHS 154/149M J TL";="GOODYEAR";="DIRECCION";="UNIDAD";25,000;0,000;81,000;0,000;421,49;10,000;5,000;10,000;
="122185";="295/80R22.5 G686 MSS PLUS 152/148K H";="GOODYEAR";="DIRECCION";="UNIDAD";32,000;0,000;34,000;0,000;379,34;0,000;0,000;32,000;
="123560";="295/80R22.5 KELLY MSA II 152/148K ";="GOODYEAR";="DIRECCION";="UNIDAD";8,000;0,000;8,000;0,000;345,45;8,000;0,000;0,000;
="122962";="295/80R22.5 KMAX D TRACTION 152/148L H";="GOODYEAR";="TRACCION";="UNIDAD";2,000;0,000;61,000;0,000;463,64;0,000;0,000;2,000;
="122647";="295/80R22.5 KMAX EXTREME 152/148K H";="GOODYEAR";="DIRECCION";="UNIDAD";19,000;0,000;31,000;0,000;421,49;0,000;0,000;19,000;
="122642";="295/80R22.5 KMAX S 152/148L H TL";="GOODYEAR";="DIRECCION";="UNIDAD";4,000;0,000;96,000;0,000;421,49;0,000;3,000;1,000;
="122701";="295/80R22.5 KS481 152/148L H TL";="GOODYEAR";="TRACCION";="UNIDAD";11,000;0,000;45,000;0,000;380,17;3,000;8,000;0,000;
="7500148";="295/80R22.5 ROYAL BLACK RD801 18PR 154/151M M+S";="ROYAL BLACK";="TRACCION";="UNIDAD";2,000;0,000;2,000;0,000;376033,06;1,000;1,000;0,000;
="7500150";="295/80R22.5 ROYAL BLACK RD860 18PR 152/149K M+S";="ROYAL BLACK";="TRACCION";="UNIDAD";328,000;0,000;350,000;0,000;413223,14;45,000;21,000;262,000;
="121651";="295/80R22.5 STEELMARK AGS/AHS 152/148L H TL";="GOODYEAR";="DIRECCION";="UNIDAD";18,000;0,000;49,000;0,000;286,78;0,000;18,000;0,000;
="103269";="295/80R22.5 TLD19 TERCELO 152/149J M+S";="TERCELO";="TRACCION";="UNIDAD";2,000;0,000;2,000;0,000;376033,06;2,000;0,000;0,000;
="104058";="295/80R22.5 TUA91 TERCELO 152/149M M+S";="TERCELO";="DIRECCION";="UNIDAD";88,000;0,000;90,000;0,000;485123,97;62,000;26,000;0,000;
="T1150173";="30.5L-32 DYNA TORQUE III R1 TL 14T";="GOODYEAR";="AGRICOLA TRACTOR TRASERO DIAGONAL";="UNIDAD";1,000;0,000;1,000;0,000;2240,50;0,000;0,000;1,000;
="F34";="30.5L-32 FORERUNNER QH666 18PR TL R-1";="FORERUNNER";="AGRICOLA TRACTOR TRASERO DIAGONAL";="UNIDAD";11,000;0,000;11,000;0,000;1673,49;0,000;3,000;8,000;
="LL7T96";="30.5L-32 LOGLUGIII HD LS2TT LS2 TT 26T";="GOODYEAR";="AGRICOLA TRACTOR TRASERO DIAGONAL";="UNIDAD";4,000;0,000;4,000;0,000;4382,64;0,000;0,000;4,000;
="F99";="30.5LR32 FORERUNNER QH741 184A8/181B TL";="FORERUNNER";="AGRICOLA TRACTOR TRASERO RADIAL";="UNIDAD";8,000;0,000;8,000;0,000;2262,25;4,000;4,000;0,000;
="1Y7E900001";="300/95R46 FORERUNNER QH711 148A8/148B TL R-1W (12.4R46)";="FORERUNNER";="AGRICOLA TRACTOR TRASERO RADIAL";="UNIDAD";10,000;0,000;10,000;0,000;818,66;0,000;2,000;8,000;
="121304";="315/80R22.5  G658 154/150M TL";="GOODYEAR";="DIRECCION";="UNIDAD";18,000;0,000;25,000;0,000;434,71;7,000;0,000;11,000;
="2802";="315/80R22.5 ECOSAVER ECO68 TERCELO 156/153K M+S";="TERCELO";="DIRECCION";="UNIDAD";114,000;0,000;114,000;0,000;247,84;94,000;20,000;0,000;
="121307";="315/80R22.5 G667 156/150 L TL";="GOODYEAR";="TRACCION";="UNIDAD";4,000;0,000;4,000;0,000;477,69;4,000;0,000;0,000;
="1V9E9Y001";="320/85R24 FORERUNNER QH711 122A8/119B TL R-1W (12.4R24)";="FORERUNNER";="AGRICOLA TRACTOR TRASERO RADIAL";="UNIDAD";8,000;0,000;8,000;0,000;437,95;0,000;0,000;8,000;
="1AGE900001";="320/90R46 FORERUNNER QH711 148A8/148B TL R-1W";="FORERUNNER";="AGRICOLA TRACTOR TRASERO RADIAL";="UNIDAD";11,000;0,000;11,000;0,000;819,47;0,000;2,000;9,000;
="6249";="33X12.50R18LT 118Q TRANSMATE TRANSFORTIS MT01 M+S";="TERCELO";="TRANSFORTIS MT01";="UNIDAD";32,000;0,000;32,000;0,000;191,74;28,000;4,000;0,000;
="1T0E9E001";="380/85R24 FORERUNNER QH711 131A8/128B TL R-1W  (14.9R24)";="FORERUNNER";="AGRICOLA TRACTOR TRASERO RADIAL";="UNIDAD";16,000;0,000;16,000;0,000;531,47;0,000;2,000;14,000;
="1I4E9C001";="380/85R28 FORERUNNER QH711 133A8/130B TL R-1W  (14.9R28)";="FORERUNNER";="AGRICOLA TRACTOR TRASERO RADIAL";="UNIDAD";8,000;0,000;8,000;0,000;632,60;0,000;2,000;6,000;
="1I5E9L001";="380/90R46 FORERUNNER QH711 149A8/149B TL R-1W";="FORERUNNER";="AGRICOLA TRACTOR TRASERO RADIAL";="UNIDAD";2,000;0,000;2,000;0,000;957,26;0,000;2,000;0,000;
="120008";="385/65R22.5 REGIONAL RHT 158L";="GOODYEAR";="TRACCION";="UNIDAD";2,000;0,000;4,000;0,000;590,08;0,000;0,000;2,000;
="8004903";="385/65R22.5 ROYAL BLACK RT708 24PR 164K M+S";="ROYAL BLACK";="DIRECCION";="UNIDAD";115,000;0,000;115,000;0,000;445,95;7,000;6,000;102,000;
="F69";="400/55-22.5 FORERUNNER QH643 16PR TL ";="FORERUNNER";="AGRICOLA TRACTOR DELANTERO";="UNIDAD";4,000;0,000;4,000;0,000;355,83;0,000;2,000;2,000;
="F41";="400/60-15.5 FORERUNNER QH643 14PR TL I-3";="FORERUNNER";="AGRICOLA TRACTOR DELANTERO";="UNIDAD";105,000;0,000;109,000;0,000;204,53;4,000;11,000;90,000;
="T1111060";="400/60-15.5 SUPERFLOT II I-3 TL 16T";="GOODYEAR";="AGRICOLA TRACTOR DELANTERO";="UNIDAD";22,000;0,000;22,000;0,000;336,36;10,000;12,000;0,000;
="X1111050";="400/60-15.5 SUPERFLOT II I3 TL 14T";="GOODYEAR";="AGRICOLA TRACTOR DELANTERO";="UNIDAD";1,000;0,000;9,000;0,000;327,27;1,000;0,000;0,000;
="1I1E9D001";="420/85R28 FORERUNNER QH711 139A8/136B TL R-1W (16.9R28)";="FORERUNNER";="AGRICOLA TRACTOR TRASERO RADIAL";="UNIDAD";10,000;0,000;10,000;0,000;746,52;0,000;0,000;10,000;
="1I1P0W001";="420/85R30 FORERUNNER QH711 140A8/137B TL R-1W  (16.9R30)";="FORERUNNER";="AGRICOLA TRACTOR TRASERO RADIAL";="UNIDAD";6,000;0,000;6,000;0,000;773,56;0,000;4,000;2,000;
="1T5E9T001";="420/85R34 FORERUNNER QH711 142A8/139B TL R-1W  (16.9R34)";="FORERUNNER";="AGRICOLA TRACTOR TRASERO RADIAL";="UNIDAD";12,000;0,000;12,000;0,000;819,64;0,000;4,000;8,000;
="1P7P0A001";="460/85R30 FORERUNNER QH711 154A8/151B TL R-1W (18.4R30)";="FORERUNNER";="AGRICOLA TRACTOR TRASERO RADIAL";="UNIDAD";12,000;0,000;12,000;0,000;979,96;0,000;0,000;12,000;
="1Q1E9G001";="460/85R34 FORERUNNER QH711 147A8/144B TL R-1W (18.4R34)";="FORERUNNER";="AGRICOLA TRACTOR TRASERO RADIAL";="UNIDAD";10,000;0,000;10,000;0,000;912,07;0,000;2,000;8,000;
="1Q2P0I001";="460/85R38 FORERUNNER QH711 149A8/146B TL R-1W (18.4R38)";="FORERUNNER";="AGRICOLA TRACTOR TRASERO RADIAL";="UNIDAD";6,000;0,000;6,000;0,000;1018,84;0,000;0,000;6,000;
="X1100600";="5.50-16 TRIPLE RAIADO  F2 TT 4T";="GOODYEAR";="AGRICOLA TRACTOR DELANTERO";="UNIDAD";4,000;0,000;4,000;0,000;94,21;4,000;0,000;0,000;
="1Q6E9N001";="520/85R38 FORERUNNER QH711 155A8/152B TL R-1W (20.8R38)";="FORERUNNER";="AGRICOLA TRACTOR TRASERO RADIAL";="UNIDAD";11,000;0,000;11,000;0,000;1487,36;0,000;4,000;7,000;
="1Q6P0K001";="520/85R42 FORERUNNER QH711 167A8/164B TL R-1W (20.8-42)";="FORERUNNER";="AGRICOLA TRACTOR TRASERO RADIAL";="UNIDAD";29,000;0,000;29,000;0,000;1706,21;0,000;6,000;23,000;
="F71";="550/45-22.5 FORERUNNER QH643 16PR TL";="FORERUNNER";="AGRICOLA TRACTOR DELANTERO";="UNIDAD";14,000;0,000;14,000;0,000;524,63;0,000;2,000;12,000;
="T1100205";="6.00-16 RIB TRACTOR F2 TT 6T";="GOODYEAR";="AGRICOLA TRACTOR DELANTERO";="UNIDAD";9,000;0,000;9,000;0,000;108,26;0,000;3,000;6,000;
="F79";="6.00-9 FORERUNNER QH201 12PR TT";="FORERUNNER";="INDUSTRIALES IMPORTADO";="UNIDAD";94,000;0,000;94,000;0,000;78,31;37,000;10,000;47,000;
="F98";="6.50-10 FORERUNNER QH201 12PR TTF";="FORERUNNER";="INDUSTRIALES IMPORTADO";="UNIDAD";8,000;0,000;8,000;0,000;82,64;4,000;4,000;0,000;
="T1103200";="6.50-16 DYNA RIB F2 TT 8T";="GOODYEAR";="AGRICOLA TRACTOR DELANTERO";="UNIDAD";5,000;0,000;9,000;0,000;132,23;3,000;0,000;2,000;
="F70";="600/50-22.5 FORERUNNER QH643 16PR TL  I-3";="FORERUNNER";="AGRICOLA TRACTOR DELANTERO";="UNIDAD";1,000;0,000;1,000;0,000;656,17;0,000;0,000;1,000;
="T1111100";="600/50-22.5 SUPERFLOT III I3 TL 16T";="GOODYEAR";="AGRICOLA TRACTOR DELANTERO";="UNIDAD";2,000;0,000;2,000;0,000;1012,40;0,000;0,000;2,000;
="653533FI";="65-35/33 FIRESTONE 24T";="MARCAS VARIAS";="VARIAS MEDIDAS";="UNIDAD";1,000;0,000;1,000;0,000;4103,44;0,000;0,000;1,000;
="F58";="7.00-12 FORERUNNER SKS-1 14PR TT";="FORERUNNER";="INDUSTRIALES IMPORTADO";="UNIDAD";101,000;0,000;101,000;0,000;123,17;54,000;2,000;45,000;
="T1102500";="7.00-16 ALL IMPLEMENT F2 TT 10T";="GOODYEAR";="AGRICOLA TRACTOR DELANTERO";="UNIDAD";8,000;0,000;8,000;0,000;142,98;4,000;4,000;0,000;
="75015BKT";="7.50-15 BKT";="MARCAS VARIAS";="VARIAS MEDIDAS";="UNIDAD";3,000;0,000;3,000;0,000;172,87;3,000;0,000;0,000;
="75015DICO";="7.50-15 DICO";="MARCAS VARIAS";="VARIAS MEDIDAS";="UNIDAD";1,000;0,000;1,000;0,000;863,18;1,000;0,000;0,000;
="75015WOR";="7.50-15 WORLDWIDE";="MARCAS VARIAS";="VARIAS MEDIDAS";="UNIDAD";22,000;0,000;22,000;0,000;172,87;18,000;4,000;0,000;
="F73";="7.50-16  FORERUNNER QH641 10PR TT I-1";="FORERUNNER";="AGRICOLA TRACTOR DELANTERO";="UNIDAD";14,000;0,000;14,000;0,000;76,79;0,000;14,000;0,000;
="F76";="7.50-16 FORERUNNER 8PR TL F-2";="FORERUNNER";="AGRICOLA TRACTOR DELANTERO";="UNIDAD";26,000;0,000;26,000;0,000;96,56;4,000;10,000;12,000;
="T1100215";="7.50-16 RIB TRACTOR F2 TT 8T";="GOODYEAR";="AGRICOLA TRACTOR DELANTERO";="UNIDAD";27,000;0,000;27,000;0,000;153,72;27,000;0,000;0,000;
="T1100040";="7.50-18 DYNA RIB F2 TT 8T";="GOODYEAR";="AGRICOLA TRACTOR DELANTERO";="UNIDAD";9,000;0,000;10,000;0,000;181,82;0,000;9,000;0,000;
="F45";="7.50-18 FORERUNNER QH621 8PR TL F-2";="FORERUNNER";="AGRICOLA TRACTOR DELANTERO";="UNIDAD";131,000;0,000;133,000;0,000;119,83;0,000;4,000;127,000;
="X1100844";="7.50-18 PAPALEGUAS G8  F3 TT 8T";="GOODYEAR";="AGRICOLA TRACTOR DELANTERO";="UNIDAD";1,000;0,000;13,000;0,000;209,92;1,000;0,000;0,000;
="T1100844";="7.50-18 PAPALEGUAS G8  F3 TT 8T";="GOODYEAR";="AGRICOLA TRACTOR DELANTERO";="UNIDAD";7,000;0,000;11,000;0,000;209,92;4,000;0,000;3,000;
="T1100030";="7.50-20 DYNA RIB F2 TT 8T";="GOODYEAR";="AGRICOLA TRACTOR DELANTERO";="UNIDAD";6,000;0,000;12,000;0,000;197,52;4,000;0,000;2,000;
="X1163308";="710/70R38 DT924  R1W TL 171";="GOODYEAR";="AGRICOLA TRACTOR TRASERO RADIAL";="UNIDAD";2,000;0,000;2,000;0,000;3578,78;0,000;0,000;2,000;
="1O0E9S001";="710/70R38 FORERUNNER QH711 166A8/166B TL R-1W ";="FORERUNNER";="AGRICOLA TRACTOR TRASERO RADIAL";="UNIDAD";14,000;0,000;14,000;0,000;2006,92;0,000;0,000;14,000;
="1P5E9P001";="800/65R32 FORERUNNER QH711 178A8/178B TL R-1W ";="FORERUNNER";="AGRICOLA TRACTOR TRASERO RADIAL";="UNIDAD";15,000;0,000;15,000;0,000;2471,83;0,000;2,000;13,000;
="T1154065";="800/65R32 OPTITRAC DT830 R1W TL 172";="GOODYEAR";="AGRICOLA TRACTOR TRASERO RADIAL";="UNIDAD";12,000;0,000;12,000;0,000;3080,17;0,000;0,000;12,000;
="F74";="9.5-24 FORERUNNER QH611 8PR TT R-1";="FORERUNNER";="AGRICOLA TRACTOR TRASERO DIAGONAL";="UNIDAD";20,000;0,000;20,000;0,000;169,55;0,000;5,000;15,000;
="X1150600";="9.5-24 SUPER CUARTEADORA R1 TT 6T";="GOODYEAR";="AGRICOLA TRACTOR TRASERO DIAGONAL";="UNIDAD";2,000;0,000;4,000;0,000;243,45;0,000;0,000;2,000;
="T1159335";="9.5-24 SUPREME TFC 6T TT R1";="GOODYEAR";="AGRICOLA TRACTOR TRASERO DIAGONAL";="UNIDAD";4,000;0,000;4,000;0,000;263,64;0,000;0,000;4,000;
="T1157700";="900/60R32 OPTITRAC DT830 R1W TL 176";="GOODYEAR";="AGRICOLA TRACTOR TRASERO RADIAL";="UNIDAD";1,000;0,000;1,000;0,000;3685,95;0,000;0,000;1,000;
="F85";="AT18X9.5-8-6PR TL FORERRUNER KNIGHT";="FORERUNNER";="CUATRICICLO";="UNIDAD";54,000;0,000;54,000;0,000;51,15;52,000;2,000;0,000;
="F84";="AT19X7-8-6PR TL FORERRUNER KNIGHT";="FORERUNNER";="CUATRICICLO";="UNIDAD";57,000;0,000;57,000;0,000;40,13;52,000;5,000;0,000;
="F88";="AT20X11-8-6PR TL FORERRUNER EOS-H";="FORERUNNER";="CUATRICICLO";="UNIDAD";64,000;0,000;64,000;0,000;84,99;56,000;8,000;0,000;
="F87";="AT21X7-10-6PR TL FORERRUNER MARS-A";="FORERUNNER";="CUATRICICLO";="UNIDAD";62,000;0,000;62,000;0,000;51,15;0,000;18,000;44,000;
="F86";="AT22X10-10-6PR TL FORERRUNER KNIGHT";="FORERUNNER";="CUATRICICLO";="UNIDAD";48,000;0,000;48,000;0,000;66,89;34,000;14,000;0,000;
="F89";="AT22X7-11-6PR TL FORERRUNER MARS-A";="FORERUNNER";="CUATRICICLO";="UNIDAD";62,000;0,000;62,000;0,000;63,74;54,000;8,000;0,000;
="MV1";="BRIDGESTONE 16T 1100R-20";="MARCAS VARIAS";="VARIAS MEDIDAS";="UNIDAD";1,000;0,000;1,000;0,000;973,70;0,000;0,000;1,000;
="A159";="FATE 11.00-20 PCR 16T";="FATE";="VARIAS MEDIDAS";="UNIDAD";1,000;0,000;1,000;0,000;702,72;0,000;0,000;1,000;
="A113";="FATE 700-15 F-90 10T";="FATE";="VARIAS MEDIDAS";="UNIDAD";6,000;0,000;6,000;0,000;206611,57;6,000;0,000;0,000;
="1AGE900002";="IF320/90R46 155D TL R-1W QH711";="FORERUNNER";="AGRICOLA TRACTOR TRASERO RADIAL";="UNIDAD";1,000;0,000;3,000;0,000;804,07;0,000;0,000;1,000;
="X1156010";="IF800/70R38 OPTITRAC DT 830 R-1W TL 179";="GOODYEAR";="AGRICOLA TRACTOR TRASERO RADIAL";="UNIDAD";2,000;0,000;2,000;0,000;4543,80;0,000;0,000;2,000;
="1BUY7O001";="IF900/60R32 FORERUNNER QH716 CFO 185A8 TL R-1W ";="FORERUNNER";="AGRICOLA TRACTOR TRASERO RADIAL";="UNIDAD";12,000;0,000;12,000;0,000;3772,00;0,000;0,000;12,000;
="160054";="KIT 6.00-9 XTRA MINE TT 10PR PACK";="GOODYEAR";="XTRAMINE";="UNIDAD";5,000;0,000;33,000;0,000;118,18;5,000;0,000;0,000;
="160055";="KIT 7.00-12 XTRA MINE TT 12PR PACK";="GOODYEAR";="XTRAMINE";="UNIDAD";13,000;0,000;19,000;0,000;142,15;9,000;4,000;0,000;
="LANDE235R25";="LANDE ARMOUR / TRONMAX  23.5R25 24T L3 TL";="LANDE ARMOUR / TRONMAX";="VIALES IMPORTADO";="UNIDAD";2,000;0,000;2,000;0,000;2066,81;0,000;0,000;2,000;
="LANDE26525L3";="LANDE ARMOUR / TRONMAX  26.5-25 28T L3 NE3 TL";="LANDE ARMOUR / TRONMAX";="VIALES IMPORTADO";="UNIDAD";3,000;0,000;3,000;0,000;2300,54;0,000;0,000;3,000;
="1315";="LANDE ARMOUR / TRONMAX  26.5-25 28T L3 NE3 TL";="LANDE ARMOUR / TRONMAX";="VIALES IMPORTADO";="UNIDAD";1,000;0,000;1,000;0,000;2688,70;0,000;0,000;1,000;
="1286";="LANDE ARMOUR / TRONMAX  26.5-25 28T L5 TL";="LANDE ARMOUR / TRONMAX";="VIALES IMPORTADO";="UNIDAD";4,000;0,000;8,000;0,000;4329,70;0,000;0,000;4,000;
="LANDE29529";="LANDE ARMOUR / TRONMAX  29.5-29 28T E3";="LANDE ARMOUR / TRONMAX";="VIALES IMPORTADO";="UNIDAD";4,000;0,000;4,000;0,000;3329,13;0,000;0,000;4,000;
="LANDE70016";="LANDE ARMOUR / TRONMAX  7.00-16 16T PACK (CAMARA + PROTECTOR)";="LANDE ARMOUR / TRONMAX";="INDUSTRIALES IMPORTADO";="UNIDAD";2,000;0,000;2,000;0,000;175,08;0,000;2,000;0,000;
="1319";="LANDE ARMOUR / TRONMAX 11.00-20 APLANADORA 18T C1 PACK";="LANDE ARMOUR / TRONMAX";="RODILLO COMPACTADOR";="UNIDAD";1,000;0,000;1,000;0,000;571,63;1,000;0,000;0,000;
="LANDE130024";="LANDE ARMOUR / TRONMAX 13.00-24 16T L2/G2";="LANDE ARMOUR / TRONMAX";="VIALES IMPORTADO";="UNIDAD";25,000;0,000;25,000;0,000;417,08;0,000;0,000;25,000;
="13188";="LANDE ARMOUR / TRONMAX 18.00-25 40T E4B TL";="LANDE ARMOUR / TRONMAX";="VIALES IMPORTADO";="UNIDAD";6,000;0,000;6,000;0,000;3078,76;0,000;0,000;6,000;
="LANDE19524";="LANDE ARMOUR / TRONMAX 19.5L-24 12T R4A";="LANDE ARMOUR / TRONMAX";="VIALES IMPORTADO";="UNIDAD";1,000;0,000;1,000;0,000;471,38;0,000;0,000;1,000;
="LANDE20525L2";="LANDE ARMOUR / TRONMAX 20.5-25 16T L2 E2";="LANDE ARMOUR / TRONMAX";="VIALES IMPORTADO";="UNIDAD";4,000;0,000;4,000;0,000;852,63;0,000;0,000;4,000;
="LANDE20525L3";="LANDE ARMOUR / TRONMAX 20.5-25 20T L3 NE3 TL";="LANDE ARMOUR / TRONMAX";="VIALES IMPORTADO";="UNIDAD";4,000;0,000;4,000;0,000;924,66;0,000;0,000;4,000;
="LANDE20525L5";="LANDE ARMOUR / TRONMAX 20.5-25 20T L5 TL";="LANDE ARMOUR / TRONMAX";="VIALES IMPORTADO";="UNIDAD";6,000;0,000;6,000;0,000;1640,49;0,000;0,000;6,000;
="1314";="LANDE ARMOUR / TRONMAX 20.5-25 20T L5 TL";="LANDE ARMOUR / TRONMAX";="VIALES IMPORTADO";="UNIDAD";2,000;0,000;2,000;0,000;1640,49;0,000;0,000;2,000;
="118229";="LT265/50R20 WRANGLER DURATRAC RT 115S E";="GOODYEAR";="WRANGLER DURATRAC";="UNIDAD";8,000;0,000;12,000;0,000;325,62;8,000;0,000;0,000;
="6241";="LT265/70R17 121/118Q TRANSMATE TRANSFORTIS MT01 M+S";="TERCELO";="TRANSFORTIS MT01";="UNIDAD";192,000;0,000;192,000;0,000;158,68;68,000;24,000;100,000;
="RK031H1";="LT265/70R17 121/118S ROTYAL A/T TL M+S";="ROYAL BLACK";="ROYAL A/T";="UNIDAD";76,000;0,000;84,000;0,000;122,31;76,000;0,000;0,000;
="111812";="LT265/70R17 WRANGLER DURATRAC 121/118Q";="GOODYEAR";="WRANGLER DURATRAC";="UNIDAD";4,000;0,000;63,000;0,000;232,23;4,000;0,000;0,000;
="107474";="LT265/75R16 WRANGLER ARMORTRAC 119R";="GOODYEAR";="WRANGLER ARMORTRAC";="UNIDAD";4,000;0,000;8,000;0,000;213,22;4,000;0,000;0,000;
="118333";="LT275/60R20 WRANGLER DURATRAC RT E 123/120S WRL";="GOODYEAR";="WRANGLER DURATRAC";="UNIDAD";4,000;0,000;8,000;0,000;358,68;4,000;0,000;0,000;
="118257";="LT285/60R18 WRANGLER DURATRAC RT 118S D";="GOODYEAR";="WRANGLER DURATRAC";="UNIDAD";4,000;0,000;4,000;0,000;240,50;4,000;0,000;0,000;
="6259";="LT285/70R17 121/118Q TRANSMATE TRANSFORTIS MT01 M+S";="TERCELO";="TRANSFORTIS MT01";="UNIDAD";39,000;0,000;39,000;0,000;171,90;33,000;6,000;0,000;
="106955";="LT285/70R17 WRANGLER ALL-TERRAIN ADVENTURE 121/118R E";="GOODYEAR";="WRANGLER ADVENTURE";="UNIDAD";20,000;0,000;24,000;0,000;201,65;20,000;0,000;0,000;
="M75015";="MICELIN 750-15";="FATE";="VARIAS MEDIDAS";="UNIDAD";2,000;0,000;2,000;0,000;801,21;2,000;0,000;0,000;
="MI295CLLANTA";="MICHELIN 295/80R-22,5 XLINE LISA ARMADA CON LLANTA";="VARIAS";="CAMION IMPORTADO";="UNIDAD";1,000;0,000;1,000;0,000;1014,58;1,000;0,000;0,000;
="RK033H1";="P265/65R17 110T ROYAL A/T TL M+S";="ROYAL BLACK";="ROYAL A/T";="UNIDAD";81,000;0,000;107,000;0,000;101,65;57,000;24,000;0,000;
="RK312H1";="P265/70R16 112T ROYAL A/T TL M+S";="ROYAL BLACK";="ROYAL A/T";="UNIDAD";1,000;0,000;1,000;0,000;104,88;1,000;0,000;0,000;
="101234";="P275/60R20 WRANGLER SILENTARMOR 114T";="GOODYEAR";="SILENTARMOR";="UNIDAD";1,000;0,000;16,000;0,000;561,79;1,000;0,000;0,000;
="PI275CLLANTA";="PIRELLI 275/80R-22,5 FR88 LISA ARMADA CON LLANTA";="PIRELLI";="CAMION IMPORTADO";="UNIDAD";1,000;0,000;2,000;0,000;1014,58;1,000;0,000;0,000;
="MV11";="PIRELLI 700-12 TT 12 T C184";="MARCAS VARIAS";="VARIAS MEDIDAS";="UNIDAD";1,000;0,000;1,000;0,000;389,48;1,000;0,000;0,000;
="14175TRONMAX";="TRONMAX 14-17.5 16T L-5B";="LANDE ARMOUR / TRONMAX";="INDUSTRIALES IMPORTADO";="UNIDAD";23,000;0,000;23,000;0,000;256,49;4,000;0,000;19,000;
="19524TRONMAX";="TRONMAX 19.5L-24 12T R4A";="LANDE ARMOUR / TRONMAX";="VIALES IMPORTADO";="UNIDAD";7,000;0,000;7,000;0,000;471,38;0,000;2,000;5,000;
="20525L3TRONMAX";="TRONMAX 20.5-25 20T L3 NE3 TL";="LANDE ARMOUR / TRONMAX";="VIALES IMPORTADO";="UNIDAD";1,000;0,000;1,000;0,000;924,66;0,000;0,000;1,000;
="23525L3TRONMAX";="TRONMAX 23.5-25 20T L3 NE3 TL";="LANDE ARMOUR / TRONMAX";="VIALES IMPORTADO";="UNIDAD";3,000;0,000;3,000;0,000;1187,91;0,000;0,000;3,000;
="2352524TL3TRONMAX";="TRONMAX 23.5-25 24T L3 NE3 TL";="LANDE ARMOUR / TRONMAX";="VIALES IMPORTADO";="UNIDAD";1,000;0,000;1,000;0,000;1460,16;0,000;0,000;1,000;
="26525L5TRONMAX";="TRONMAX 26.5-25 28T L5 TL";="LANDE ARMOUR / TRONMAX";="VIALES IMPORTADO";="UNIDAD";4,000;0,000;4,000;0,000;4329,76;0,000;0,000;4,000;
="F97";="VF1050/50R32 FORERUNNER QH716 198D TL R-1W";="FORERUNNER";="AGRICOLA TRACTOR TRASERO RADIAL";="UNIDAD";8,000;0,000;8,000;0,000;3538,05;8,000;0,000;0,000;
="1I5E9L002";="VF380/90R46 FORERUNNER QH711 173D TL R-1W";="FORERUNNER";="AGRICOLA TRACTOR TRASERO RADIAL";="UNIDAD";6,000;0,000;6,000;0,000;1251,49;0,000;0,000;6,000;
="X1168010";="VF380/90R46 ULTRA SPRAYER R1 TL 173T";="GOODYEAR";="AGRICOLA TRACTOR TRASERO RADIAL";="UNIDAD";6,000;0,000;6,000;0,000;1666,12;0,000;2,000;4,000;
=" ";=" ";=" ";="Totales:";=" ";21610,00;0,00;25545,00;0,00;9720764,02;10546,00;1728,00;9336,00;
